"","model","type","netCombo","baseline","CONS.s1","CONS.s2","CONS.s3","CONS.s4","CONS.ASOC.parents.solves_Mill_2","CONS.ASOC.scrounges_Mill_2","CONS.SOCIAL.parents.solves_Mill_2","CONS.SOCIAL.scrounges_Mill_2","OFFs1","OFFs2","OFFs3","OFFs4","OFFASOC.parents.solves_Mill_2","OFFASOC.scrounges_Mill_2","OFFSOCIAL.parents.solves_Mill_2","OFFSOCIAL.scrounges_Mill_2","convergence","loglik","Baseline.parameter1","Baseline.parameter2","s1","s2","s3","s4","ASOCIALparents.solves_Mill_2","ASOCIALscrounges_Mill_2","SOCIALparents.solves_Mill_2","SOCIALscrounges_Mill_2","SE.Baseline.parameter1","SE.Baseline.parameter2","SEs1","SEs2","SEs3","SEs4","SEasocialparents.solves_Mill_2","SEasocialscrounges_Mill_2","SEsocialparents.solves_Mill_2","SEsocialscrounges_Mill_2","aic","aicc","deltaAICc","RelSupport","AkaikeWeight"
"214",214,"noILVs","1:2:3:0","weibull",1,2,3,0,0,0,0,0,0,0,0,0,0,0,0,0,FALSE,209.891143701646,0.000568604372698871,0.00114552781453236,51.7416738160852,9.18397311835561,5399.58492434493,0,0,0,0,0,NA,0.00140236968585443,69.6559974681897,11.5375874213505,6719.09897475342,0,0,0,0,0,429.782287403292,431.115620736625,0,1,0.215262319985295
"158",158,"socialEffectsOnly","1:2:3:0","weibull",1,2,3,0,0,0,0,4,0,0,0,0,0,0,0,0,FALSE,209.113043626248,5.28278674761116e-05,0.000446709068557964,106.503043634725,17.5365602493589,10818.1333432378,0,0,0,0,-0.882301001909309,NA,NA,NA,NA,NA,0,0,0,0,NA,430.226087252497,432.135178161588,1.01955742496222,0.600628475692675,0.129292679126837
"84",84,"socialEffectsOnly","1:2:3:0","weibull",1,2,3,0,0,0,4,5,0,0,0,0,0,0,0,0,FALSE,208.335315192331,507.335951916465,0.000268247664355921,239.570940991867,34.1421783965134,18874.3249360592,0,0,0,-0.0120199214450757,-0.962159385308157,NA,NA,NA,NA,NA,0,0,0,NA,NA,430.670630384663,433.275281547454,2.15966081082814,0.339653124091548,0.0731145194822001
"162",162,"noILVs","1:2:3:4","weibull",1,2,3,4,0,0,0,0,0,0,0,0,0,0,0,0,FALSE,209.687297020526,0.00134589145453599,0.00368373969721058,16.2084963970753,1.8832166355145,1749.17986119741,13.4986656183243,0,0,0,0,0.301832326767481,0.00564153124047176,24.162680338471,2.36626812838091,2509.9794507225,22.3453767777158,0,0,0,0,431.374594041052,433.283684950143,2.16806421351743,0.3382289970767,0.0728079585970302
"90",90,"socialEffectsOnly","1:2:3:4","weibull",1,2,3,4,0,0,0,5,0,0,0,0,0,0,0,0,FALSE,208.480999574031,8.33696946057491e-06,0.00241491843875252,16.5078143899557,2.7111519500118,1674.70234966303,12.3969125247412,0,0,0,-1.12646411976157,NA,NA,NA,NA,NA,NA,0,0,0,NA,430.961999148062,433.566650310853,2.4510295742275,0.293606516561906,0.0632024199179168
"160",160,"additive","1:2:3:0","weibull",1,2,3,0,0,4,0,0,0,0,0,0,0,0,0,0,FALSE,209.885992883805,1439.14282598603,0.000123118889295523,530.424771276644,79.9308995862427,53277.8044051764,0,0,-1.60845882783767,0,0,NA,NA,NA,NA,NA,0,0,NA,0,0,431.771985767611,433.681076676702,2.56545594007633,0.277279856639809,0.0596879052254755
"161",161,"additive","1:2:3:0","weibull",1,2,3,0,4,0,0,0,0,0,0,0,0,0,0,0,FALSE,210.032498784163,54.0385375874961,0.00273577749718885,21.3914522948564,3.79616854390811,2322.47839264119,0,-0.0179788947383712,0,0,0,NA,0.00234904824568333,20.6229999318101,3.35353260679368,2058.13049536934,0,0.225856954263805,0,0,0,432.064997568325,433.974088477416,2.85846774079067,0.239492334143418,0.0515536754664056
"32",32,"socialEffectsOnly","1:2:3:4","weibull",1,2,3,4,0,0,5,6,0,0,0,0,0,0,0,0,FALSE,207.715752890026,172.722177222205,0.00106658725671607,59.5596828225959,5.39129242825003,5164.06023707872,59.7498389249833,0,0,-0.0133105323490864,-0.963817073464406,NA,0.000937516225988037,55.9230796696914,4.93170640689406,5390.27849554959,75.0329901615358,0,0,0.0124232030950714,0.892598016254514,431.431505780052,434.860077208624,3.74445647199821,0.153780620254273,0.0331031730847126
"93",93,"additive","1:2:3:4","weibull",1,2,3,4,5,0,0,0,0,0,0,0,0,0,0,0,FALSE,209.294509421209,172.985207725815,0.000585525717897876,112.427827958288,13.2491971527346,10457.7773151593,99.7853767378181,-0.019936789029232,0,0,0,NA,NA,NA,NA,NA,NA,NA,0,0,0,432.589018842417,435.193670005208,4.07804926858239,0.130155598294935,0.0280175960480418
"92",92,"additive","1:2:3:4","weibull",1,2,3,4,0,5,0,0,0,0,0,0,0,0,0,0,FALSE,209.315834195379,2260.4417811435,7.47154735014899e-05,768.291423570118,100.288331702341,92347.0215087482,722.908616999209,0,-0.353383962650237,0,0,NA,NA,NA,NA,NA,NA,0,NA,0,0,432.631668390757,435.236319553548,4.12069881692258,0.127409444178598,0.027426452541922
"86",86,"unconstrained","1:2:3:0","weibull",1,2,3,0,0,4,5,0,0,0,0,0,0,0,0,0,FALSE,209.389281612329,1233.85734142884,6.69348892918012e-05,1535.23216908364,188.366921189418,97834.1289214722,0,0,-3.07000802440656,-0.0151500251482875,0,NA,NA,NA,NA,NA,0,0,NA,NA,0,432.778563224659,435.383214387449,4.26759365082387,0.118386944884443,0.0254842484117965
"33",33,"unconstrained","1:2:3:4","weibull",1,2,3,4,0,5,0,6,0,0,0,0,0,0,0,0,FALSE,208.062572969644,411.98668306491,0.000123813512845411,356.125728334729,46.0441110898775,31829.4662480403,459.906909402701,0,-0.179592615826921,0,-1.19636977197177,NA,NA,NA,NA,NA,NA,0,NA,0,NA,432.125145939287,435.553717367859,4.43809663123318,0.108712519617136,0.0234017091842316
"88",88,"unconstrained","1:2:3:0","weibull",1,2,3,0,4,0,5,0,0,0,0,0,0,0,0,0,FALSE,209.592555095543,136.493163402864,0.000977836094673808,80.9263465399564,10.1302817395601,9785.74773171629,0,0.0736338082038036,0,-0.0171388130538938,0,NA,NA,NA,NA,NA,0,NA,0,NA,0,433.185110191085,435.789761353876,4.67414061725066,0.0966102622798302,0.0207965491927441
"91",91,"socialEffectsOnly","1:2:3:4","weibull",1,2,3,4,0,0,5,0,0,0,0,0,0,0,0,0,FALSE,209.676112164666,650.97303917239,0.000246713748698545,215.257632990913,29.2684918527984,40190.1122235679,288.972754540292,0,0,-0.0141212320442517,0,NA,NA,NA,NA,NA,NA,0,0,NA,0,433.352224329333,435.956875492124,4.8412547554982,0.0888658475114199,0.0191294685027677
"34",34,"unconstrained","1:2:3:4","weibull",1,2,3,4,0,5,6,0,0,0,0,0,0,0,0,0,FALSE,208.394560818615,370.252948928608,0.000252260717993353,333.131275612842,38.1914055407263,30921.3709469223,198.558042539124,0,-0.270769081163945,-0.0146738485192528,0,NA,NA,NA,NA,NA,NA,0,NA,NA,0,432.789121637229,436.217693065801,5.10207232917526,0.0780008024451112,0.0167906336950493
"89",89,"additive","1:2:3:0","weibull",1,2,3,0,4,5,0,0,0,0,0,0,0,0,0,0,FALSE,209.953272180947,68.7399669159367,0.00146642380231398,38.9300895490173,6.92140473406562,4513.90233268548,0,-0.00443314529181551,-2.26949783148841,0,0,NA,0.00187236970672071,51.3294850756918,8.62796820026548,6077.19153064761,0,0.251927690159313,8.6473688241224,0,0,433.906544361893,436.511195524684,5.39557478805858,0.0673543766863991,0.0144988593866777
"29",29,"unconstrained","1:2:3:0","weibull",1,2,3,0,4,0,5,6,0,0,0,0,0,0,0,0,FALSE,208.57380086446,85.6013320114977,0.0015538596468208,50.8367873897174,5.30214409958577,2871.64406355068,0,0.0219523546877666,0,-0.0140427306189922,-1.1505918164815,NA,0.00245154761179872,93.7036771696453,8.06987337393022,4098.63375864262,0,0.253856235536195,0,0.0134372112436273,0.900330656611497,433.147601728921,436.576173157492,5.46055242086697,0.0652012779074892,0.0140353783483721
"87",87,"unconstrained","1:2:3:0","weibull",1,2,3,0,4,0,0,5,0,0,0,0,0,0,0,0,FALSE,210.031508697882,36.9611650573193,0.00716147406718758,5.0648735965575,1.09467786360654,676.80918591883,0,-0.0468898222538523,0,0,-0.902863054373507,NA,0.00407762136987211,3.23593179292482,0.720454051083827,533.803863983578,0,0.216170174410358,0,0,0.964539798497395,434.063017395763,436.667668558554,5.55204782192834,0.0622856690491266,0.0134077576213513
"28",28,"unconstrained","1:2:3:0","weibull",1,2,3,0,0,4,5,6,0,0,0,0,0,0,0,0,FALSE,208.629974116137,946.974694834122,0.000191881722980244,278.486370883092,50.4738556352706,31959.2741570173,0,0,-1.09385166827754,-0.0115301698189482,-0.721858048768119,NA,NA,NA,NA,NA,0,0,NA,NA,NA,433.259948232274,436.688519660845,5.57289892422,0.0616396798685738,0.0132687004916601
"229",229,"noILVs","0:1:2:0","weibull",0,1,2,0,0,0,0,0,0,0,0,0,0,0,0,0,FALSE,214.257846592208,1804.9750745462,9.17380665999214e-05,0,164.434429904572,76853.9066150809,0,0,0,0,0,NA,NA,0,NA,NA,0,0,0,0,0,436.515693184415,437.385258401807,6.26963766518116,0.0435076352809238,0.00936555450764575
"85",85,"unconstrained","1:2:3:0","weibull",1,2,3,0,0,4,0,5,0,0,0,0,0,0,0,0,FALSE,210.450700962297,622.446554647433,0.000150323659173391,344.07255595985,45.110630547538,43071.8705467066,0,0,-3.9266928096048,0,-0.54223372945345,NA,NA,NA,NA,NA,0,0,NA,0,NA,434.901401924594,437.506053087385,6.3904323507594,0.0409576703790555,0.00881664314698849
"7",7,"unconstrained","1:2:3:4","weibull",1,2,3,4,5,0,6,7,0,0,0,0,0,0,0,0,FALSE,207.725242309648,93.4548277177312,0.00136085847008282,54.6740249862107,4.45410726495733,3197.11255481238,35.9246340605157,-0.0215258439678202,0,-0.0133013364163813,-1.22471085676676,NA,0.00246518806090105,113.409210827517,8.11735676741613,5327.05531042639,67.3670492854227,0.466596700654186,0,0.0130853466168387,0.88412310525122,433.450484619296,437.840728521735,6.72510778511003,0.0346466620072079,0.00745812084341795
"35",35,"unconstrained","1:2:3:4","weibull",1,2,3,4,5,0,0,6,0,0,0,0,0,0,0,0,FALSE,209.309521236773,40.1958158863945,0.00592845289967902,6.97865997714066,1.35931561066897,918.91818207816,4.03066759139371,-0.0118454164351275,0,0,-0.69130276784934,407.189889783044,NA,1.54039617410298,NA,NA,7.44272073847449,0.144605352062268,0,0,0.8698054636931,434.619042473546,438.047613902118,6.93199316549237,0.0312418548133627,0.00672519414776821
"30",30,"unconstrained","1:2:3:0","weibull",1,2,3,0,4,5,0,6,0,0,0,0,0,0,0,0,FALSE,209.327800368883,61.7701483744587,0.00166467506335479,29.9982905610279,4.46466428331214,2901.03500808986,0,-0.154422786098491,-0.360276248171067,0,-0.925586570483976,13001.6304577994,NA,NA,NA,NA,0,0.417956359316213,3.30401395487206,0,0.793500193539022,434.655600737765,438.084172166337,6.96855142971151,0.0306759685333045,0.00660338015427504
"37",37,"additive","1:2:3:4","weibull",1,2,3,4,5,6,0,0,0,0,0,0,0,0,0,0,FALSE,209.535234635845,60.0780985105561,0.002020277253319,33.5243128823725,4.1376765490613,2861.00488874351,24.3625896322745,-0.0751837379575121,-0.178769528607953,0,0,NA,0.0017310681661595,35.7192789639811,3.93023176513076,2312.9135183193,33.0343027228945,0.455905074582841,2.2644894479388,0,0,435.07046927169,438.499040700262,7.38341996363624,0.0249293368615596,0.00536634688851427
"6",6,"unconstrained","1:2:3:4","weibull",1,2,3,4,0,5,6,7,0,0,0,0,0,0,0,0,FALSE,208.084617728779,361.740959924382,0.000151870261943304,392.61220933125,28.3064772287031,32834.1319793314,674.622878764999,0,-0.407775527082046,-0.0120670566410221,-1.10207591049213,NA,NA,NA,NA,NA,NA,0,NA,NA,NA,434.169235457558,438.559479359997,7.44385862337128,0.0241872580417111,0.00520660528014171
"36",36,"unconstrained","1:2:3:4","weibull",1,2,3,4,5,0,6,0,0,0,0,0,0,0,0,0,FALSE,209.711793461714,143.265337974326,0.0014516417496938,32.4007184751725,9.25014630507216,4855.46321832989,2.59262369370992,0.00695750863397959,0,-0.00826724736190829,0,NA,NA,15.3493888015536,NA,NA,20.585448550782,0.245138675590092,0,0.0107597475235653,0,435.423586923427,438.852158351999,7.73653761537327,0.0208945105486242,0.00449780081565408
"193",193,"noILVs","0:1:2:3","weibull",0,1,2,3,0,0,0,0,0,0,0,0,0,0,0,0,FALSE,213.786053494003,535.69341129875,0.000106713303693049,0,126.403062785105,63604.1432787355,437.114003865995,0,0,0,0,NA,NA,0,NA,NA,NA,0,0,0,0,437.572106988006,438.905440321339,7.78981958471383,0.0203452096597959,0.00437955703195491
"8",8,"unconstrained","1:2:3:4","weibull",1,2,3,4,5,6,0,7,0,0,0,0,0,0,0,0,FALSE,208.266439754714,75.1785844192004,0.00148585385390695,31.8208475270666,3.68227558163555,2579.72695780604,30.9132763463869,-0.127784927966096,-0.804323476620555,0,-1.22671301153525,NA,0.00108817563989088,26.5629853480299,2.98688439457623,2040.2828507144,34.5374244895191,0.621496282242231,5.0488856695218,0,0.875035616184818,434.532879509429,438.923123411868,7.8075026752424,0.0201661194514347,0.00434100565821643
"189",189,"socialEffectsOnly","0:1:2:0","weibull",0,1,2,0,0,0,0,3,0,0,0,0,0,0,0,0,FALSE,214.188983365612,13.3596331950061,0.000147979529436216,0,83.3826607824857,43176.764736677,0,0,0,0,-0.48181180420308,NA,NA,0,NA,NA,0,0,0,0,NA,438.377966731223,439.711300064556,8.59567932793107,0.0135979033445675,0.0029271162208874
"191",191,"additive","0:1:2:0","weibull",0,1,2,0,0,3,0,0,0,0,0,0,0,0,0,0,FALSE,214.216008102829,727.073150475643,0.000200275471430737,0,77.7749932700575,33838.8629449102,0,0,-0.799348517205491,0,0,NA,NA,0,NA,NA,0,0,NA,0,0,438.432016205657,439.765349538991,8.6497288023653,0.0132353446719517,0.00284907099988935
"192",192,"additive","0:1:2:0","weibull",0,1,2,0,3,0,0,0,0,0,0,0,0,0,0,0,FALSE,214.401180229822,102.45227762191,0.00242676675635347,0,6.20374272198195,2852.7755452335,0,-0.0136822188512907,0,0,0,NA,0.00395291946395082,0,10.0435211314185,4808.74954689816,0,0.66211071903333,0,0,0,438.802360459644,440.135693792978,9.02007305635237,0.0109980584294534,0.00236746757285797
"124",124,"socialEffectsOnly","0:1:2:3","weibull",0,1,2,3,0,0,0,4,0,0,0,0,0,0,0,0,FALSE,213.121956162202,0.00200619804944944,0.000538038501632826,0,18.3879008516121,8821.64879424998,108.411058516287,0,0,0,-0.857227594113931,NA,NA,0,NA,NA,NA,0,0,0,NA,438.243912324403,440.153003233494,9.03738249686882,0.0109032840249248,0.00234706621466393
"190",190,"socialEffectsOnly","0:1:2:0","weibull",0,1,2,0,0,0,3,0,0,0,0,0,0,0,0,0,FALSE,214.595976643187,1372.60997017224,0.000601857330590267,0,24.1121461995282,13720.9799138193,0,0,0,-0.00452844079649023,0,NA,NA,0,NA,NA,0,0,0,NA,0,439.191953286374,440.525286619707,9.40966588308203,0.00905142620891792,0.00194843100490738
"126",126,"additive","0:1:2:3","weibull",0,1,2,3,0,4,0,0,0,0,0,0,0,0,0,0,FALSE,213.785801808278,879.199402272085,0.000114094717010312,0,112.273635120037,59458.5997966141,537.202799532045,0,-0.587577956726852,0,0,NA,NA,0,NA,NA,NA,0,NA,0,0,439.571603616557,441.480694525647,10.3650737890221,0.00561374685097493,0.00120842817095101
"118",118,"socialEffectsOnly","0:1:2:0","weibull",0,1,2,0,0,0,3,4,0,0,0,0,0,0,0,0,FALSE,213.847978858638,27.7403301394752,0.00246892273028326,0,5.17584407695095,2048.06059112433,0,0,0,0.000165119916328633,-0.74578934273491,NA,0.00414495570892196,0,8.93696776562027,3778.31996677533,0,0,0,0.0112651869756524,0.838257993013614,439.695957717276,441.605048626367,10.4894278897413,0.00527533051415702,0.00113557988516666
"125",125,"socialEffectsOnly","0:1:2:3","weibull",0,1,2,3,0,0,4,0,0,0,0,0,0,0,0,0,FALSE,213.996927884614,7008.94431227786,0.000209387211377836,0,57.5273866662856,31544.0834556875,473.053566615911,0,0,-0.00163362007147719,0,NA,NA,0,NA,NA,NA,0,0,NA,0,439.993855769229,441.90294667832,10.7873259416943,0.00454529352787571,0.000978430429824672
"127",127,"additive","0:1:2:3","weibull",0,1,2,3,4,0,0,0,0,0,0,0,0,0,0,0,FALSE,214.019023343474,42.4931208489505,0.00383158845188894,0,3.33162904153191,1722.60729929248,13.5357390456518,0.0170721125979385,0,0,0,NA,0.00270392547494892,0,2.56988644548327,1249.65811519911,18.4250233933136,0.16872694616338,0,0,0,440.038046686949,441.94713759604,10.8315168594143,0.0044459645821179,0.000957048650519152
"123",123,"additive","0:1:2:0","weibull",0,1,2,0,3,4,0,0,0,0,0,0,0,0,0,0,FALSE,214.03280257918,188.628552139815,0.000592536739426463,0,24.9306577204884,11159.2177261679,0,0.0989192582866089,-5.76050187508762,0,0,NA,NA,0,NA,NA,0,NA,NA,0,0,440.06560515836,441.974696067451,10.8590753308254,0.00438512272798049,0.000943951691845327
"122",122,"unconstrained","0:1:2:0","weibull",0,1,2,0,3,0,4,0,0,0,0,0,0,0,0,0,FALSE,214.457398051065,7275.27898316799,0.00112631180116989,0,13.1195156610003,7077.51505387768,0,0.0800308403079629,0,-0.00451214782201522,0,NA,NA,0,NA,NA,0,NA,0,NA,0,440.91479610213,442.823887011221,11.7082662745951,0.00286802070401529,0.000617376790512192
"119",119,"unconstrained","0:1:2:0","weibull",0,1,2,0,0,3,0,4,0,0,0,0,0,0,0,0,FALSE,214.631506339281,1157.05833547548,8.80946183780979e-05,0,136.490235560131,79931.4880963903,0,0,-2.18956442351288,0,-0.362563268167358,NA,NA,0,NA,NA,0,0,NA,0,NA,441.263012678562,443.172103587653,12.0564828510275,0.00240972794073491,0.000518723627055986
"120",120,"unconstrained","0:1:2:0","weibull",0,1,2,0,0,3,4,0,0,0,0,0,0,0,0,0,FALSE,214.633326845096,3318.71572521641,0.000110199433504827,0,130.456418124115,75863.6005702024,0,0,-0.855058340716591,-0.00473350956147413,0,NA,NA,0,NA,NA,0,0,NA,NA,0,441.266653690193,443.175744599284,12.0601238626583,0.00240534500779316,0.000517780146742604
"54",54,"unconstrained","0:1:2:3","weibull",0,1,2,3,0,4,0,5,0,0,0,0,0,0,0,0,FALSE,213.515562574777,360.169233897855,0.000131449544800319,0,72.5811394152214,45373.2884723734,433.526291348882,0,-0.409957135072818,0,-0.626926481062133,NA,NA,0,NA,NA,NA,0,NA,0,NA,441.031125149553,443.635776312344,12.5201555757187,0.00191109713069574,0.000411387202070806
"121",121,"unconstrained","0:1:2:0","weibull",0,1,2,0,3,0,0,4,0,0,0,0,0,0,0,0,FALSE,214.943427959137,38.2700694096464,0.00453611190463815,0,2.45768194439969,1512.86284553709,0,0.0404089067534926,0,0,-0.379326287769225,NA,0.0070682916552381,0,3.69871533977816,3736.94702499753,0,0.135663451387465,0,0,1.60824098944678,441.886855918275,443.795946827366,12.6803260907405,0.00176401459897255,0.000379725875062762
"49",49,"unconstrained","0:1:2:0","weibull",0,1,2,0,0,3,4,5,0,0,0,0,0,0,0,0,FALSE,213.798956238886,730.208473402632,0.000228424208804186,0,57.0588584169136,24974.9553824857,0,0,-0.984866177071856,-0.00125153381363327,-0.620280191251876,NA,NA,0,NA,NA,0,0,NA,NA,NA,441.597912477773,444.202563640564,13.0869429039383,0.00143948272026352,0.00030986638994267
"53",53,"socialEffectsOnly","0:1:2:3","weibull",0,1,2,3,0,0,4,5,0,0,0,0,0,0,0,0,FALSE,213.825620892452,935.304065815805,0.000973640203292378,0,7.65716054656886,4279.74801350895,113.507420201346,0,0,0.00162574233947044,-1.06082249893998,NA,NA,0,NA,NA,NA,0,0,NA,NA,441.651241784904,444.255892947695,13.1402722110694,0.00140160663273373,0.000301713095469041
"58",58,"additive","0:1:2:3","weibull",0,1,2,3,4,5,0,0,0,0,0,0,0,0,0,0,FALSE,213.875196567008,68.7153576299444,0.00214671293415079,0,5.91241918918606,3209.32179243024,25.3995576848294,0.0514171297405213,-0.612595704494667,0,0,4284.97242379328,NA,0,NA,NA,NA,0.14968469776239,5.48915690135944,0,0,441.750393134016,444.355044296806,13.2394235601809,0.00133381532234974,0.00028712018072094
"50",50,"unconstrained","0:1:2:0","weibull",0,1,2,0,3,0,4,5,0,0,0,0,0,0,0,0,FALSE,213.951849894986,934.574674368539,0.00397488531692115,0,3.20396065748938,1377.92826811008,0,0.0394793632808389,0,-0.00103725861702176,-0.692740199146074,NA,NA,0,NA,NA,0,NA,0,NA,NA,441.903699789972,444.508350952763,13.3927302161377,0.00123539427595245,0.000265933837938078
"52",52,"unconstrained","0:1:2:0","weibull",0,1,2,0,3,4,5,0,0,0,0,0,0,0,0,0,FALSE,214.003051475525,210.869137180385,0.00132480308235675,0,11.0922595897165,5712.51313911511,0,0.0906921192055228,-4.85639634495783,-0.00638433872869274,0,NA,0.00161037353002245,0,13.4053761874904,7318.56375345106,0,0.050192733847446,4.37760258672625,0.0122554769567129,0,442.006102951051,444.610754113841,13.495133377216,0.00117373220471607,0.000252660317428637
"55",55,"unconstrained","0:1:2:3","weibull",0,1,2,3,0,4,5,0,0,0,0,0,0,0,0,0,FALSE,214.078420315965,1790.42185546793,0.000185565683929505,0,69.6560553791111,43503.1701116565,205.742468462487,0,-0.504948713195107,-0.00427680267998842,0,NA,NA,0,NA,NA,NA,0,NA,NA,0,442.15684063193,444.761491794721,13.6458710580958,0.00108852084306073,0.000234317522029601
"1",1,"unconstrained","1:2:3:4","weibull",1,2,3,4,5,6,7,8,0,0,0,0,0,0,0,0,FALSE,209.855392357673,30.8164865285967,0.0110294628013219,3.32707887607476,0.363865445370419,454.176565379276,9.0651604355803,0.023772970999267,-0.269433647471041,-0.0089232711956466,-1.12316093604796,NA,0.011988920430977,2.81942200386223,0.355498387937604,639.950564328938,16.9729043911851,0.103347485281836,1.31640709840541,0.013241311392238,1.00955809523988,439.710784715345,445.210784715345,14.0951639787199,0.000869508899212807,0.000187172502892409
"51",51,"unconstrained","0:1:2:0","weibull",0,1,2,0,3,4,0,5,0,0,0,0,0,0,0,0,FALSE,214.493638891214,58.8193240114841,0.00518492397369862,0,2.06777614455856,1237.61306440873,0,0.0618303448097116,-3.43215663175363,0,-0.403278636210945,NA,0.00897399343788895,0,3.32829975990915,3048.58428992755,0,0.0539735349040836,6.02199678930274,0,1.51267742219488,442.987277782429,445.591928945219,14.4763082085941,0.000718637065616531,0.000154695481972039
"57",57,"unconstrained","0:1:2:3","weibull",0,1,2,3,4,0,5,0,0,0,0,0,0,0,0,0,FALSE,214.754967019086,1891.40308548302,0.00470495095319269,0,2.30202961940244,1915.17335262922,12.4046804405419,0.0597708835622335,0,-0.00698908285675704,0,NA,NA,0,NA,NA,NA,NA,0,NA,0,443.509934038172,446.114585200962,14.998964464337,0.000553370813592001,0.000119119885145964
"13",13,"unconstrained","0:1:2:3","weibull",0,1,2,3,0,4,5,6,0,0,0,0,0,0,0,0,FALSE,213.44210642202,567.34134321769,0.000252320020405642,0,43.3476201604863,24242.4717053257,155.633812904179,0,-0.908274072233553,-0.00233114898746094,-0.599467106335634,NA,NA,0,NA,NA,NA,0,NA,NA,NA,442.884212844041,446.312784272612,15.1971635359868,0.0005011616932188,0.000107881228770038
"146",146,"additive","1:0:2:3","weibull",1,0,2,3,0,4,0,0,0,0,0,0,0,0,0,0,TRUE,216.422445951779,31.1715261204949,0.0113443216887884,6.17397770426387,0,562.266079629,10.207534293265,0,-4.61304385066608,0,0,NA,0.0106786431450595,9.34549646384674,0,817.399195760841,16.5729887399696,0,3.52721882355622,0,0,444.844891903559,446.75398281265,15.6383620760242,0.000401950730415447,8.65248467490131e-05
"14",14,"unconstrained","0:1:2:3","weibull",0,1,2,3,4,0,5,6,0,0,0,0,0,0,0,0,FALSE,213.733665921867,1529.88041346311,0.00258659138687834,0,3.29139989598752,2303.70561639517,31.4636460146648,0.0593145124937918,0,-0.00135947773226843,-0.685730122856834,NA,NA,0,NA,NA,NA,NA,0,NA,NA,443.467331843734,446.895903272305,15.7802825356797,0.000374416678214524,8.05978027936462e-05
"16",16,"unconstrained","0:1:2:3","weibull",0,1,2,3,4,5,6,0,0,0,0,0,0,0,0,0,FALSE,213.751960825475,203.582582755705,0.00138330374245765,0,10.3646829703446,5101.58743054471,28.3562456865095,0.0881393087942595,-3.56034034181882,-0.00411978417101303,0,5794.36320392595,NA,0,NA,NA,46.6034450950973,0.0556156797692134,5.24384876361535,0.0120775212485381,0,443.503921650951,446.932493079522,15.8168723428971,0.000367629040089188,7.91366800635657e-05
"15",15,"unconstrained","0:1:2:3","weibull",0,1,2,3,4,5,0,6,0,0,0,0,0,0,0,0,FALSE,214.166665263837,58.3951965246739,0.00222038480289711,0,3.41867478343152,2810.64638090732,37.4663701132924,0.0568216957278093,-1.57275201130307,0,-0.59632828135403,NA,NA,0,NA,NA,NA,NA,NA,0,0.714102432619941,444.333330527675,447.761901956246,16.646281219621,0.000242832024753349,5.22725850151326e-05
"70",70,"unconstrained","1:0:2:3","weibull",1,0,2,3,0,4,5,0,0,0,0,0,0,0,0,0,TRUE,215.729054707868,45.9309719112321,0.011739790323397,8.67993714676845,0,681.826560244494,11.0005483266974,0,-4.35954955805875,-0.015754130844206,0,NA,NA,12.3975922446246,0,928.522512819299,16.5980610816366,0,3.36216275706746,0.0137127854991548,0,445.458109415737,448.062760578527,16.9471398419019,0.000208917750663485,4.49721196939313e-05
"69",69,"unconstrained","1:0:2:3","weibull",1,0,2,3,0,4,0,5,0,0,0,0,0,0,0,0,TRUE,215.844560356052,31.6214943076615,0.0109035423756104,5.34030861417447,0,384.285139320986,9.60996584264866,0,-4.30716721134497,0,-1.01810567051344,NA,0.0121390133523536,8.48110362527769,0,605.98512508671,15.9753447735151,0,3.69511427371705,0,0.974488758864835,445.689120712103,448.293771874894,17.1781511382687,0.00018612807068315,4.00663603096419e-05
"208",208,"noILVs","1:0:2:3","weibull",1,0,2,3,0,0,0,0,0,0,0,0,0,0,0,0,TRUE,218.67600159095,15.9701849168707,0.0307695094422777,2.29472751709975,0,203.212805697637,4.32754589006384,0,0,0,0,NA,NA,1.70866069918905,0,129.006983972204,3.54001605802146,0,0,0,0,447.3520031819,448.685336515233,17.5697157786075,0.000153032859860172,3.29422084474851e-05
"12",12,"unconstrained","0:1:2:0","weibull",0,1,2,0,3,4,5,6,0,0,0,0,0,0,0,0,FALSE,214.674699100173,56.9803463102962,0.0118326540688144,0,0.918631684549986,560.522362829284,0,0.0509383653224467,-1.96728128661918,-0.00586614918598836,-0.393169014977153,NA,0.0056292983388702,0,0.458339296516738,431.300137948566,0,0.041777521002454,2.86217579874612,0.0149796831089287,1.01824748713943,445.349398200345,448.777969628917,17.6623488922913,0.000146106544412927,3.14512337153612e-05
"73",73,"additive","1:0:2:3","weibull",1,0,2,3,4,5,0,0,0,0,0,0,0,0,0,0,TRUE,216.183822165269,37.2630541001282,0.010808967454972,6.18981630054479,0,587.426014477991,10.3339982293187,0.0287230457450674,-4.71675650038033,0,0,NA,0.00817643297931479,8.51709481103335,0,767.713102908307,15.0114855933298,0.034697692909493,3.19213344319427,0,0,446.367644330537,448.972295493328,17.8566747567025,0.000132578268887693,2.85391057403992e-05
"144",144,"socialEffectsOnly","1:0:2:3","weibull",1,0,2,3,0,0,0,4,0,0,0,0,0,0,0,0,TRUE,217.655381408646,21.7852057027034,0.0274978552548623,2.0352022403472,0,135.277443268342,3.9497452232389,0,0,0,-1.27997166948906,NA,NA,1.60835027789243,0,102.453676966856,3.32191476494136,0,0,0,0.951294837394844,447.310762817291,449.219853726382,18.1042329897568,0.000117142842134851,2.52164399676193e-05
"2",2,"unconstrained","0:1:2:3","weibull",0,1,2,3,4,5,6,7,0,0,0,0,0,0,0,0,FALSE,213.451745313851,61.966698060037,0.00661425685003994,0,1.41837455985327,783.932055116707,8.26275575889228,0.0528424204306134,-1.3072341800168,-0.00164716359728694,-0.8279928715455,1215.24075765222,NA,0,NA,NA,NA,NA,1.08044460616782,0.0113937357347318,0.724294288467533,444.903490627702,449.293734530141,18.1781137935156,0.000112894489491224,2.43019297214364e-05
"19",19,"unconstrained","1:0:2:3","weibull",1,0,2,3,0,4,5,6,0,0,0,0,0,0,0,0,TRUE,215.230212259971,36.141046386117,0.0114114546150635,7.37986575884098,0,471.50390988572,10.0591935810311,0,-4.05941299741434,-0.015061608026012,-0.935621874187223,NA,NA,10.9146995767689,0,689.986378426918,15.4331451246061,0,3.4735665560395,0.0138932250925469,0.965236095883327,446.460424519942,449.888995948514,18.7733752118884,8.38326837237911e-05,1.80460179889768e-05
"68",68,"socialEffectsOnly","1:0:2:3","weibull",1,0,2,3,0,0,4,5,0,0,0,0,0,0,0,0,TRUE,216.856603863386,15.2587065487021,0.0251160947786217,3.40209364709225,0,196.326303084046,4.7545572048436,0,0,-0.0171107082257667,-1.16115526891426,NA,NA,2.97147803093289,0,158.788998814328,4.0948113682436,0,0,0.0138532938239474,0.939739710936788,447.713207726771,450.317858889562,19.2022381529367,6.76529852492383e-05,1.4563138558682e-05
"21",21,"unconstrained","1:0:2:3","weibull",1,0,2,3,4,5,0,6,0,0,0,0,0,0,0,0,FALSE,215.654009813735,28.5374249013431,0.0109927657633965,5.16477621771003,0,391.827156509091,8.94622561221203,0.0276980674420722,-4.29825338764539,0,-0.963835002824251,NA,0.0125065222432693,6.86948548056672,0,529.805572109802,11.8660774025243,0.0365935677271042,3.14958002011202,0,1.03143516199842,447.308019627469,450.736591056041,19.6209703194152,5.48732180654496e-05,1.18121362258277e-05
"147",147,"additive","1:0:2:3","weibull",1,0,2,3,4,0,0,0,0,0,0,0,0,0,0,0,TRUE,218.547057148673,34.0766350346754,0.0300236644324507,2.36620509460338,0,212.682368972262,4.49885504115361,0.0205710560565045,0,0,0,NA,NA,1.8221716420699,0,139.017482388645,3.70608294538947,0.0356165831889454,0,0,0,449.094114297346,451.003205206437,19.8875844698113,4.80248374070271e-05,1.03379379171533e-05
"206",206,"additive","1:0:2:0","weibull",1,0,2,0,0,3,0,0,0,0,0,0,0,0,0,0,TRUE,219.868053780611,40.7679790278188,0.0285472990113463,2.74765405714937,0,226.043574578871,0,0,-3.9638406829537,0,0,1030.35939226697,0.0316815311040809,2.44216160210746,0,183.396284030042,0,0,2.03045158785409,0,0,449.736107561222,451.069440894555,19.9538201579301,4.64604066037611e-05,1.00011749129857e-05
"72",72,"unconstrained","1:0:2:3","weibull",1,0,2,3,4,0,5,0,0,0,0,0,0,0,0,0,TRUE,217.420024290412,37.1091789240416,0.0247483299929557,4.67965680938136,0,340.121559770619,6.20686856764774,0.0298545100190944,0,-0.020172718260974,0,NA,NA,4.37506728223203,0,267.194068441228,5.59943021361619,0.0349532196878074,0,0.0138668370347021,0,448.840048580825,451.444699743615,20.3290790069899,3.85120451911091e-05,8.29019219521667e-06
"71",71,"unconstrained","1:0:2:3","weibull",1,0,2,3,4,0,0,5,0,0,0,0,0,0,0,0,TRUE,217.490969779396,26.5371539650082,0.0258367369134947,2.12976053626679,0,142.042783465558,4.14674824754289,0.0240203271160233,0,0,-1.31951469134702,NA,NA,1.75609431545579,0,110.821487626926,3.53806441776398,0.0364988615637328,0,0,0.966860305457058,448.981939558792,451.586590721582,20.470969984957,3.58744579832848e-05,7.72241905369688e-06
"20",20,"unconstrained","1:0:2:3","weibull",1,0,2,3,4,0,5,6,0,0,0,0,0,0,0,0,FALSE,216.539826994694,30.5443607191029,0.0219668363008482,4.29379232918188,0,226.291269930991,5.30001552489736,0.0323570515455198,0,-0.0199368217985408,-1.23834937026626,426.88637085866,0.0222845038277503,5.33080406156269,0,242.413061895148,5.78572442713361,0.0385374980131059,0,0.0150063953509585,0.95713309554616,449.079653989388,452.50822541796,21.3926046813343,2.26284557283502e-05,4.87105387776921e-06
"140",140,"unconstrained","1:0:2:0","weibull",1,0,2,0,0,3,4,0,0,0,0,0,0,0,0,0,TRUE,219.536541131229,48.0037251582384,0.0277301267368685,3.7016822859302,0,276.497273106546,0,0,-3.99098199685207,-0.0117169985004372,0,1127.45557254674,0.029798994493151,3.52139900177283,0,234.890159375065,0,0,2.05697172442287,0.0145322587179449,0,451.073082262458,452.982173171549,21.8665524349234,1.78541208317349e-05,3.84331947153704e-06
"143",143,"additive","1:0:2:0","weibull",1,0,2,0,3,4,0,0,0,0,0,0,0,0,0,0,TRUE,219.706051806032,33.1661012653271,0.0257207295858269,2.87760554182512,0,248.066226147226,0,0.0153185175623706,-4.20704828581978,0,0,979.880579034975,0.0296550758574083,2.6446304707658,0,209.144125684833,0,0.0251765630415633,2.10276577610271,0,0,451.412103612064,453.321194521155,22.2055737845299,1.50702660339765e-05,3.24406042926938e-06
"139",139,"unconstrained","1:0:2:0","weibull",1,0,2,0,0,3,0,4,0,0,0,0,0,0,0,0,TRUE,219.77206979659,44.4830726890804,0.0284145236824647,2.93279772785351,0,291.45368072715,0,0,-4.05443622059371,0,0.60463596927971,1175.8227131537,0.0322142102112081,2.65305248084104,0,287.523023111465,0,0,2.04024531115749,0,1.36281383154304,451.54413959318,453.453230502271,22.3376097656459,1.41074873636378e-05,3.03681045905992e-06
"67",67,"unconstrained","1:0:2:0","weibull",1,0,2,0,3,4,5,0,0,0,0,0,0,0,0,0,TRUE,219.367754202444,40.4315718651014,0.0247014716587509,3.95532916278693,0,307.994516621741,0,0.0160636900350528,-4.26497829898915,-0.0120328743205303,0,1110.21865615533,0.0275710216251054,3.91595810135462,0,274.172559256838,0,0.0258019959635838,2.14439602557491,0.0148035989184815,0,452.735508404888,455.340159567678,24.2245388310529,5.49171801792949e-06,1.18215996124455e-06
"64",64,"unconstrained","1:0:2:0","weibull",1,0,2,0,0,3,4,5,0,0,0,0,0,0,0,0,TRUE,219.452084697432,56.5116613174317,0.0276577493883526,3.94438788559439,0,347.510303225477,0,0,-4.07456079727394,-0.0115332734741662,0.548530514984514,1366.09874004356,0.0302045031675592,3.82005962166692,0,349.642307683198,0,0,2.06798308227817,0.014557605134818,1.31990617514962,452.904169394863,455.508820557654,24.3931998210283,5.04758871687764e-06,1.08655565752668e-06
"66",66,"unconstrained","1:0:2:0","weibull",1,0,2,0,3,4,0,5,0,0,0,0,0,0,0,0,TRUE,219.51486328834,32.6066877961901,0.0245254429800944,3.14746659912237,0,381.385074795017,0,0.0197529110876822,-4.44680689398573,0,0.945549827865247,1126.1803832395,0.0299183578191837,2.99258118845376,0,415.799632642434,0,0.0251718844080672,2.14476319928074,0,1.53987232236833,453.029726576681,455.634377739472,24.5187570028461,4.74044994610848e-06,1.02044025317348e-06
"22",22,"unconstrained","1:0:2:3","weibull",1,0,2,3,4,5,6,0,0,0,0,0,0,0,0,0,FALSE,218.133604172836,859.131072931061,0.000515538345255081,131.748962563682,0,20376.4135685206,189.799299653877,0.0560456966925266,-11.7586394856201,-0.0190183556839557,0,NA,NA,NA,0,NA,NA,NA,NA,NA,0,452.267208345672,455.695779774244,24.5801590376185,4.59712468304614e-06,9.89587724534177e-07
"100",100,"unconstrained","0:0:1:0","weibull",0,0,1,0,2,3,0,4,0,0,0,0,0,0,0,0,TRUE,221.366426562758,40.7229704437124,0.0483502631721968,0,0,710.776281151703,0,0.0339705947219831,-3.47355742106089,0,4.44084460698344,NA,NA,0,0,483.23112039459,0,0.0146106259041902,1.31196969160607,0,1.2276859112711,454.732853125516,456.641944034607,25.5263232979815,2.86437136995766e-06,6.16591226396544e-07
"235",235,"noILVs","1:0:2:0","weibull",1,0,2,0,0,0,0,0,0,0,0,0,0,0,0,0,TRUE,223.96244244303,1207.26721770776,0.491102344718879,1.16303332613554,0,81.276527029054,0,0,0,0,0,1951.05837379887,0.428297568612041,0.572128081636215,0,30.5700055098192,0,0,0,0,0,455.92488488606,456.794450103452,25.6788293668262,2.6540741501895e-06,5.71322158982794e-07
"107",107,"additive","0:0:1:2","weibull",0,0,1,2,3,4,0,0,0,0,0,0,0,0,0,0,TRUE,221.942207314154,26.9472679355818,0.0378694958576939,0,0,176.970789400431,3.21565032074231,0.0387741023418558,-2.70788909485748,0,0,NA,NA,0,0,107.299036454348,2.5182541115731,0.0183500780369921,1.48655617034863,0,0,455.884414628307,457.793505537398,26.6778848007729,1.61053779531723e-06,3.4668810224399e-07
"177",177,"additive","0:0:1:2","weibull",0,0,1,2,0,3,0,0,0,0,0,0,0,0,0,0,FALSE,223.598850152959,2.19173263969758e-06,0.031156804967087,0,0,132.598200644024,2.76441696991261,0,-2.04285088117466,0,0,NA,NA,0,0,NA,NA,0,NA,0,0,457.197700305918,458.531033639251,27.4154129026259,1.11382953221698e-06,2.39765529173164e-07
"170",170,"unconstrained","0:0:1:0","weibull",0,0,1,0,0,2,0,3,0,0,0,0,0,0,0,0,TRUE,223.687110779893,43.2151291580745,0.0697133654290195,0,0,501.262907550844,0,0,-2.87570084875377,0,4.34899993056142,1589.34411955897,0.189714086757122,0,0,314.808638154488,0,0,1.18340328572155,0,1.22023606705998,457.374221559786,458.70755489312,27.5919341564942,1.01973570371678e-06,2.19510673353911e-07
"39",39,"unconstrained","0:0:1:0","weibull",0,0,1,0,2,3,4,5,0,0,0,0,0,0,0,0,TRUE,221.152372015584,60.3782888277486,0.0494474162339805,0,0,662.196098224462,0,0.0336360713041834,-3.47042678939287,0.00998534409723879,4.71965115346396,NA,NA,0,0,458.890447132832,0,0.0146028095700661,1.3094440943148,0.0151386797125921,1.32684134285353,456.304744031168,458.909395193958,27.7937744573328,9.21846393511939e-07,1.98438793337457e-07
"204",204,"socialEffectsOnly","1:0:2:0","weibull",1,0,2,0,0,0,0,3,0,0,0,0,0,0,0,0,TRUE,223.957269561655,1197.06901085982,0.495424297799054,1.1462785522984,0,77.3574703961838,0,0,0,0,-0.127977610032247,1932.13216379825,0.431105266664196,0.588185370938889,0,47.7837632314064,0,0,0,0,1.26302497308911,457.91453912331,459.247872456643,28.1322517200179,7.78321732752618e-07,1.67543341887304e-07
"207",207,"additive","1:0:2:0","weibull",1,0,2,0,3,0,0,0,0,0,0,0,0,0,0,0,FALSE,224.158109111589,4026.09694607607,0.240218204710741,1.18931109420251,0,86.5041811406568,0,0.00107400711057704,0,0,0,14507.0796071714,0.42412297059868,0.853548961939059,0,54.3453120907461,0,0.026607697179828,0,0,0,458.316218223177,459.649551556511,28.5339308198853,6.36701171516855e-07,1.37057771318074e-07
"42",42,"unconstrained","0:0:1:2","weibull",0,0,1,2,3,4,0,5,0,0,0,0,0,0,0,0,TRUE,221.751150304048,27.0430890332433,0.037715489335328,0,0,132.237045157798,3.21238886341579,0.0386130110182903,-2.48262270985065,0,-0.738057386778097,NA,NA,0,0,102.246565658685,2.39253397659085,0.0191002496626322,1.51571285934522,0,1.17901405766255,457.502300608096,460.106951770887,28.9913310342615,5.06538493500941e-07,1.09038651272869e-07
"103",103,"unconstrained","0:0:1:2","weibull",0,0,1,2,0,3,0,4,0,0,0,0,0,0,0,0,FALSE,223.233956898563,8.20750997634952e-05,0.0328334249088706,0,0,95.497484978987,2.75953798461583,0,-1.86379100199909,0,-0.915590479343687,0.00115309179993704,0.0160797432072478,0,0,67.212702968327,1.93697844716139,0,1.34839589312982,0,1.07739472343861,458.467913797127,460.377004706218,29.2613839695924,4.42559027994958e-07,9.52662830966319e-08
"43",43,"unconstrained","0:0:1:2","weibull",0,0,1,2,3,4,5,0,0,0,0,0,0,0,0,0,TRUE,221.891546133443,34.219873098703,0.0376630039221146,0,0,192.340196333354,3.40829459706583,0.0397265436898564,-2.7240746036776,-0.00441923837780471,0,NA,NA,0,0,126.691085975887,2.7242767345464,0.0184846266840692,1.49060857972097,0.0138604621178117,0,457.783092266886,460.387743429676,29.272122693051,4.40189136582884e-07,9.47561347731557e-08
"138",138,"socialEffectsOnly","1:0:2:0","weibull",1,0,2,0,0,0,3,4,0,0,0,0,0,0,0,0,TRUE,223.269725930079,911.78433862255,0.60386308736303,1.79067956644013,0,104.23044945828,0,0,0,-0.0170557753197951,-0.101377143940609,1281.05907359835,0.445001846569257,1.11243408800759,0,66.7888214136233,0,0,0,0.0147107502316631,1.19047685712677,458.539451860157,460.448542769248,29.3329220326227,4.2700888485498e-07,9.19189232082167e-08
"142",142,"unconstrained","1:0:2:0","weibull",1,0,2,0,3,0,4,0,0,0,0,0,0,0,0,0,FALSE,223.27198652152,909.553125934343,0.602672394229105,1.81615684508156,0,108.29249609369,0,-0.00137872552784255,0,-0.0170694379405503,0,1325.21750263541,0.457534342319321,1.08301633393774,0,47.7366729687087,0,0.0262884650420847,0,0.0146997629965015,0,458.543973043041,460.453063952132,29.3374432155064,4.26044682468736e-07,9.17113667656185e-08
"223",223,"noILVs","0:0:1:2","weibull",0,0,1,2,0,0,0,0,0,0,0,0,0,0,0,0,FALSE,225.81609939172,4.98812018462482e-05,0.0397737929945514,0,0,102.977769434643,2.60218609747737,0,0,0,0,0.000514905569175224,0.0145265903547211,0,0,43.7040197296056,1.50583264550935,0,0,0,0,459.632198783441,460.501764000832,29.3861432642066,4.15795771094003e-07,8.95051623257699e-08
"178",178,"additive","0:0:1:2","weibull",0,0,1,2,3,0,0,0,0,0,0,0,0,0,0,0,FALSE,224.706965766581,0.00116199505856542,0.038468132268894,0,0,120.67588253732,2.97813842362457,0.0342854370109388,0,0,0,NA,NA,0,0,55.8233369186953,1.84881899311732,0.0198144944322247,0,0,0,459.413931533162,460.747264866495,29.63164412987,3.67764862008164e-07,7.91659174049495e-08
"98",98,"unconstrained","0:0:1:0","weibull",0,0,1,0,0,2,3,4,0,0,0,0,0,0,0,0,TRUE,223.434649988245,53.6848594223956,0.070623819807349,0,0,466.592386138935,0,0,-2.88594896444465,0.0105753038132131,4.64756048204347,NA,NA,0,0,296.057075517982,0,0,1.17875673827232,0.0147045910245868,1.30983669268869,458.869299976489,460.77839088558,29.6627701489548,3.62085641461716e-07,7.79433952144129e-08
"104",104,"unconstrained","0:0:1:2","weibull",0,0,1,2,0,3,4,0,0,0,0,0,0,0,0,0,FALSE,223.638710338306,2.06332386298978,0.0463800214733774,0,0,130.175080457977,2.63282760835042,0,-2.07301627478469,0.000513642710613236,0,NA,NA,0,0,72.7289137776499,1.85234881169751,0,1.30693076189971,0.0130636620223636,0,459.277420676613,461.186511585704,30.0708908490782,2.95249396902245e-07,6.35560701514366e-08
"175",175,"socialEffectsOnly","0:0:1:2","weibull",0,0,1,2,0,0,0,3,0,0,0,0,0,0,0,0,FALSE,225.069794932437,0.0078320379915155,0.0438471164140119,0,0,68.6267568937059,2.37277111757352,0,0,0,-1.15360455836046,NA,NA,0,0,38.9919155101568,1.36487042864357,0,0,0,1.00194762421372,460.139589864874,461.472923198207,30.3573024615816,2.5585595393019e-07,5.50761462250636e-08
"141",141,"unconstrained","1:0:2:0","weibull",1,0,2,0,3,0,0,4,0,0,0,0,0,0,0,0,FALSE,223.996134548991,1703.35073892671,0.40512093090401,1.14296039930544,0,73.0433016517007,0,0.00172295961338748,0,0,-0.207540428292375,6938.62627689992,0.8529638796279,0.614282650685006,0,46.2436446745978,0,0.0256768247781405,0,0,1.20854134624372,459.992269097983,461.901360007074,30.7857392704482,2.06519781442246e-07,4.44559272761139e-08
"105",105,"unconstrained","0:0:1:2","weibull",0,0,1,2,3,0,0,4,0,0,0,0,0,0,0,0,FALSE,224.037170221352,1.48334234595072,0.0489154236241329,0,0,75.3293131868099,2.39921352036038,0.0333214379501067,0,0,-1.1760171729082,NA,NA,0,0,45.5019587242684,1.41195227492143,0.0199120102595012,0,0,1.07336925256278,460.074340442704,461.983431351795,30.8678106151692,1.98216631157479e-07,4.26685718826285e-08
"174",174,"additive","0:0:1:0","weibull",0,0,1,0,2,3,0,0,0,0,0,0,0,0,0,0,TRUE,225.452063866086,29.4465616983492,0.0515951580835485,0,0,131.836631862667,0,0.0330665597880045,-3.26720406011155,0,0,1277.02587421298,0.120331442903613,0,0,71.6033269721163,0,0.014511323645053,1.27923573567846,0,0,460.904127732172,462.237461065505,31.12184032888,1.74573467897128e-07,3.75790897074141e-08
"10",10,"unconstrained","0:0:1:2","weibull",0,0,1,2,3,4,5,6,0,0,0,0,0,0,0,0,TRUE,221.727102259373,29.7581192800491,0.0374692307508456,0,0,143.197101223382,3.33973689079075,0.0393733061890906,-2.51353959868213,-0.00311345400663666,-0.687486375301175,NA,NA,0,0,121.471134647024,2.55840037777714,0.0192422012196935,1.52427196253907,0.0141456606636492,1.1931005372753,459.454204518747,462.882775947318,31.7671552106929,1.26429928728417e-07,2.72155997736545e-08
"176",176,"socialEffectsOnly","0:0:1:2","weibull",0,0,1,2,0,0,3,0,0,0,0,0,0,0,0,0,FALSE,225.830740469197,0.00284004948288664,0.0443756248033001,0,0,103.88538626139,2.59905114850985,0,0,-0.000205335825027831,0,NA,NA,0,0,48.2003680380764,1.50219716216283,0,0,0.012454027138929,0,461.661480938394,462.994814271727,31.8791935351017,1.19542154847396e-07,2.57329215884918e-08
"40",40,"unconstrained","0:0:1:2","weibull",0,0,1,2,0,3,4,5,0,0,0,0,0,0,0,0,FALSE,223.231597006624,0.0288488265074827,0.0381988007388855,0,0,90.1884177837092,2.65155167584292,0,-1.86766439734953,0.00242788398008208,-0.962351628857639,NA,NA,0,0,67.5374604947438,1.82772843997582,0,1.32703975169917,0.0132946739501103,1.10721185118923,460.463194013248,463.067845176039,31.9522244394138,1.15255755194251e-07,2.48102212547717e-08
"65",65,"unconstrained","1:0:2:0","weibull",1,0,2,0,3,0,4,5,0,0,0,0,0,0,0,0,FALSE,223.270528460421,929.223310385917,0.593049440628725,1.79544921082005,0,104.464554699865,0,-0.00133288681157267,0,-0.0169466156171371,-0.0951139978341298,976.012660989764,0.344116370759429,1.17006929474158,0,70.5084900677453,0,0.0260656701146026,0,0.01479754952353,1.21260434316521,460.541056920842,463.145708083633,32.0300873470076,1.10854902713523e-07,2.38628835398573e-08
"106",106,"unconstrained","0:0:1:2","weibull",0,0,1,2,3,0,4,0,0,0,0,0,0,0,0,0,TRUE,224.741376292015,153.563410725377,0.0659240393609848,0,0,122.016902163343,2.81167608536347,0.034374806412495,0,-0.00355180987035749,0,NA,NA,0,0,59.1935176395351,1.70882203093459,0.01935853232229,0,0.0130131051314219,0,461.48275258403,463.391843493121,32.2762227564954,9.8018325755978e-08,2.10996522033063e-08
"102",102,"socialEffectsOnly","0:0:1:2","weibull",0,0,1,2,0,0,3,4,0,0,0,0,0,0,0,0,FALSE,225.039703133586,0.00389926084400355,0.0426979547408773,0,0,63.945257460394,2.2913052708447,0,0,0.00269722125089183,-1.23865193074186,NA,NA,0,0,41.6868284828936,1.37016531223447,0,0,0.0129255262900964,1.04026701004361,462.079406267172,463.988497176263,32.8728764396375,7.27353577044994e-08,1.56571818444309e-08
"221",221,"additive","0:0:1:0","weibull",0,0,1,0,0,2,0,0,0,0,0,0,0,0,0,0,TRUE,227.694266341253,30.9493250383735,0.0719219258663384,0,0,98.1514799485986,0,0,-2.73425007733213,0,0,560.599018196188,0.101868920774517,0,0,47.2216568812967,0,0,1.15556345747017,0,0,463.388532682505,464.258097899896,33.1424771632711,6.35627276496353e-08,1.3682660218454e-08
"41",41,"unconstrained","0:0:1:2","weibull",0,0,1,2,3,0,4,5,0,0,0,0,0,0,0,0,FALSE,224.021693275865,0.174038919850981,0.0448224591435196,0,0,76.4809730853265,2.50114319652824,0.0334701406176739,0,-0.000675613860281153,-1.16635554436627,2.00496594982326,0.0244177952043137,0,0,53.5069842600808,1.59462400268101,0.0203100886836639,0,0.0135536730834826,1.08352714373134,462.043386551729,464.64803771452,33.5324169778946,5.23031891905785e-08,1.12589058477937e-08
"101",101,"unconstrained","0:0:1:0","weibull",0,0,1,0,2,3,4,0,0,0,0,0,0,0,0,0,TRUE,225.422301634264,33.1939277844883,0.0520666013789852,0,0,123.580163186572,0,0.0329184163140695,-3.26105395691594,0.0037626557469983,0,1803.04339705347,0.152815399058341,0,0,74.9079721801893,0,0.0145161522270934,1.27823159963838,0.0154199928707293,0,462.844603268527,464.753694177618,33.638073440993,4.96118202310857e-08,1.06795555216369e-08
"171",171,"unconstrained","0:0:1:0","weibull",0,0,1,0,0,2,3,0,0,0,0,0,0,0,0,0,TRUE,227.646532074793,38.1214322759096,0.0730899014470939,0,0,90.7667113150402,0,0,-2.73346970987741,0.00461554770357928,0,741.208677153133,0.113654019880437,0,0,49.6839761082858,0,0,1.15525048663494,0.0150470436472527,0,465.293064149586,466.626397482919,35.5107767462936,1.94505911671329e-08,4.18697937972252e-09
"172",172,"unconstrained","0:0:1:0","weibull",0,0,1,0,2,0,0,3,0,0,0,0,0,0,0,0,TRUE,228.267201579366,36.6137531021726,0.120921222136857,0,0,282.418847384317,0,0.0261628188306114,0,0,4.26813640261074,927.041216845478,0.386859306209375,0,0,145.17425078911,0,0.0137503613215744,0,0,1.24089149854625,466.534403158732,467.867736492065,36.7521157554398,1.0456334418598e-08,2.25085480548951e-09
"219",219,"socialEffectsOnly","0:0:1:0","weibull",0,0,1,0,0,0,0,2,0,0,0,0,0,0,0,0,TRUE,229.837857980246,228.539942726521,0.206819810064081,0,0,246.065137242427,0,0,0,0,4.21677873169932,1230.42754492562,0.411082301923556,0,0,123.120618920091,0,0,0,0,1.23242869319459,467.675715960493,468.545281177884,37.4296604412586,7.45165098315498e-09,1.60405967835465e-09
"99",99,"unconstrained","0:0:1:0","weibull",0,0,1,0,2,0,3,4,0,0,0,0,0,0,0,0,TRUE,228.061239849089,56.8623408353737,0.12827244195497,0,0,263.720150895325,0,0.0259922644038079,0,0.00952615394252268,4.53034847317262,NA,NA,0,0,135.639499704896,0,0.0135303642173577,0,0.0141749351843572,1.27626842969916,468.122479698179,470.031570607269,38.9159498706441,3.5441235774706e-09,7.62916263600906e-10
"56",56,"unconstrained","0:1:2:3","weibull",0,1,2,3,4,0,0,5,0,0,0,0,0,0,0,0,FALSE,226.938457705815,29.4052331744714,0.0389730852949027,0,0.012477108268377,5.97587607633207,0.268295535450261,0.0455206729769569,0,0,-7.36392595173584,NA,0.0123158688723107,0,0.00900067977974212,3.1205307675505,0.226790434264445,0.0206546996553504,0,0,1.46245373007042,467.87691541163,470.481566574421,39.3659458377956,2.83004586446522e-09,6.09202238449575e-10
"169",169,"socialEffectsOnly","0:0:1:0","weibull",0,0,1,0,0,0,2,3,0,0,0,0,0,0,0,0,TRUE,229.627443281214,48.4266478143955,0.144592760922108,0,0,232.38140128336,0,0,0,0.00977521270602845,4.51134300666709,693.383120704391,0.329668484001872,0,0,119.99261906884,0,0,0,0.0146855393258462,1.3273895724287,469.254886562428,470.588219895761,39.4725991591359,2.68308233162676e-09,5.77566527417533e-10
"222",222,"additive","0:0:1:0","weibull",0,0,1,0,2,0,0,0,0,0,0,0,0,0,0,0,TRUE,231.964875772501,413.952308923996,0.212204330234605,0,0,57.9482225232502,0,0.0258822131206354,0,0,0,1634.7165497381,0.417258128738022,0,0,18.5589417669694,0,0.0136274913838742,0,0,0,471.929751545002,472.799316762393,41.6836960257679,8.8817882573015e-10,1.91191434588487e-10
"238",238,"noILVs","0:0:1:0","weibull",0,0,1,0,0,0,0,0,0,0,0,0,0,0,0,0,TRUE,233.532667858954,382.261892396395,0.296866159951942,0,0,51.7218326342346,0,0,0,0,0,457.113963984469,0.418556420461599,0,0,15.5909731919235,0,0,0,0,0,473.065335717908,473.57597401578,42.4603532791546,6.02353496434092e-10,1.29664011093657e-10
"173",173,"unconstrained","0:0:1:0","weibull",0,0,1,0,2,0,3,0,0,0,0,0,0,0,0,0,TRUE,231.936179397779,350.498559072009,0.197143068704432,0,0,54.5156254221223,0,0.0258762305183594,0,0.00366809660072646,0,1881.43765752928,0.42040667062197,0,0,22.5233962154432,0,0.0136231533359679,0,0.0152805035071451,0,473.872358795558,475.205692128892,44.0900713922663,2.66662928238362e-10,5.74024805866622e-11
"220",220,"socialEffectsOnly","0:0:1:0","weibull",0,0,1,0,0,0,2,0,0,0,0,0,0,0,0,0,TRUE,233.504560446444,365.28566516691,0.281659091630982,0,0,48.6894628368608,0,0,0,0.00358294561276321,0,569.678670973206,0.422153142009476,0,0,19.4014582304014,0,0,0,0.0150879447675928,0,475.009120892887,475.878686110278,44.763065373653,1.90468805233358e-10,4.100075689936e-11
"5",5,"unconstrained","1:2:3:0","weibull",1,2,3,0,4,5,6,7,0,0,0,0,0,0,0,0,FALSE,229.448208747934,29.3543911966218,0.0684897953041114,0.0487979027384942,0.00600916640848941,2.80768215336305,0,0.0103436009712627,-2.29231181768073,0.00711220339712168,-7.65215467366247,17.8504958367705,NA,0.0600001412317454,0.00870462364078036,2.72854607246008,0,0.025525426273539,NA,0.0170268710588573,3.08845087909695,476.896417495868,481.286661398307,50.1710406616814,1.27496113028383e-11,2.74451090795971e-12
"31",31,"unconstrained","1:2:3:0","weibull",1,2,3,0,4,5,6,0,0,0,0,0,0,0,0,0,FALSE,233.705290728772,4.01677952809432,0.105105082873464,0.154105065554542,0.0304431817656172,9.48066931569059,0,-0.00772790332938786,-0.265576783205538,0.0339163629293827,0,19.8522188405163,0.0532051834312278,0.147853593086769,0.0304486653641521,2.8898699703471,0,0.025711318969564,0.382362755186743,0.0155197023237928,0,483.410581457544,486.839152886115,55.7235321494897,7.93941928105194e-13,1.70905781377523e-13
"145",145,"socialEffectsOnly","1:0:2:3","weibull",1,0,2,3,0,0,4,0,0,0,0,0,0,0,0,0,FALSE,236.485502081018,27.255983616225,0.135859726545912,0.0921048011037846,0,9.9054994392309,0.291543320021072,0,0,0.0306827193831633,0,NA,0.0203751073683428,0.0789485366415481,0,2.75173966016433,0.271996273683371,0,0,0.0140825688758856,0,484.971004162035,486.880095071126,55.7644743345008,7.7785429695418e-13,1.67442720572888e-13
"9",9,"unconstrained","1:2:3:4","weibull",1,2,3,4,5,6,7,0,0,0,0,0,0,0,0,0,FALSE,234.818957881491,0.239410807041177,0.0853352236230697,0.180989177063749,0.0238256491183865,8.37148221435259,0.0273128055974578,-0.00346698866670472,-0.374231059419887,0.0354677175814391,0,2.95413658592721,0.0671632723551739,0.205598883489473,0.0308922572125586,2.64681703152683,0.338088578716089,0.0240444613864543,0.485500401062709,0.0200523584901385,0,487.637915762982,492.028159665421,60.9125389287956,5.92939294441397e-14,1.27637488131899e-14
"209",209,"socialEffectsOnly","1:2:0:0","weibull",1,2,0,0,0,0,0,3,0,0,0,0,0,0,0,0,FALSE,241.730359849791,153.980914929559,7.47297534000437e-05,853.080796965954,95.8452936543014,0,0,0,0,0,-2.79268095451461,NA,NA,NA,NA,0,0,0,0,0,NA,493.460719699581,494.794053032914,63.678432296289,1.48731897532603e-14,3.20163733186833e-15
"77",77,"unconstrained","1:2:0:0","weibull",1,2,0,0,3,4,5,0,0,0,0,0,0,0,0,0,FALSE,239.214520521442,65.3778260089761,0.000349012069814085,1567.38009361597,38.9377997223942,0,0,0.142758108059932,-10.2433353231137,-0.109662862283497,0,NA,NA,NA,NA,0,0,NA,NA,NA,0,492.429041042884,495.033692205675,63.9180714690494,1.31937160627039e-14,2.8401099288849e-15
"154",154,"socialEffectsOnly","1:2:0:3","weibull",1,2,0,3,0,0,0,4,0,0,0,0,0,0,0,0,FALSE,240.651679537161,82.7293930641874,7.04472686423483e-05,878.480199450034,71.4715413960056,0,662.039248932758,0,0,0,-2.8776341921413,NA,NA,NA,NA,0,NA,0,0,0,NA,493.303359074321,495.212449983412,64.0968292467869,1.20656403359837e-14,2.59727773083201e-15
"23",23,"unconstrained","1:2:0:0","weibull",1,2,0,0,3,4,5,6,0,0,0,0,0,0,0,0,FALSE,238.866877671305,52.8880238764482,0.000602977290021643,815.48347702388,13.6263521737066,0,0,0.135504477214026,-9.27694714255748,-0.118413259002654,-1.0910713132792,NA,NA,NA,NA,0,0,NA,NA,NA,NA,493.733755342609,497.16232677118,66.0467060345551,4.55134765779078e-15,9.79733655875682e-16
"149",149,"unconstrained","1:2:0:0","weibull",1,2,0,0,0,3,0,4,0,0,0,0,0,0,0,0,FALSE,241.731335159662,102.969715807428,9.95728141732941e-05,639.749511625921,71.8304658032428,0,0,0,-0.540799218969382,0,-2.79584964709598,NA,NA,NA,NA,0,0,0,NA,0,NA,495.462670319325,497.371761228416,66.2561404917904,4.09884878040442e-15,8.82327697738753e-16
"79",79,"unconstrained","1:2:0:3","weibull",1,2,0,3,0,4,0,5,0,0,0,0,0,0,0,0,FALSE,240.649203908509,73.2626110557864,0.000128759271631285,476.959910117674,39.9660694757436,0,379.483006974707,0,-0.388746157363146,0,-2.83771796138416,NA,NA,NA,NA,0,NA,0,NA,0,NA,495.298407817019,497.903058979809,66.7874382431839,3.1426213400387e-15,6.76487960492027e-16
"81",81,"unconstrained","1:2:0:3","weibull",1,2,0,3,4,0,0,5,0,0,0,0,0,0,0,0,FALSE,240.671724185654,37.1823754456025,0.000677172970228436,87.9395920875374,7.26618053400169,0,80.6807923115974,0.0949943858685294,0,0,-2.83560705041138,NA,0.000960387574171718,125.213081452896,10.4982074964092,0,137.975521355968,0.158173434964538,0,0,0.905709567062065,495.343448371309,497.948099534099,66.8324787974739,3.07263959826269e-15,6.61423528400713e-16
"76",76,"unconstrained","1:2:0:0","weibull",1,2,0,0,3,4,0,5,0,0,0,0,0,0,0,0,FALSE,240.719155918523,35.4910286060319,0.000912829546636129,62.2939512345078,7.04591662127965,0,0,0.115580261698162,-7.08200848536327,0,-2.6810690617731,NA,0.00104624049591582,76.1671899818898,8.10294544153721,0,0,0.0327396023816458,3.05422423261204,0,0.984383130704014,495.438311837046,498.042962999837,66.9273422632116,2.93030133750299e-15,6.30783464166907e-16
"4",4,"unconstrained","1:2:0:3","weibull",1,2,0,3,4,5,6,7,0,0,0,0,0,0,0,0,FALSE,238.00695580443,34.2197463777162,0.00146441100276797,160.865240709014,4.01377573843395,0,23.8508479814717,0.123677166291353,-7.45775320970726,-0.076189980083655,-1.76366801984705,NA,0.000935334376081725,168.64665163882,2.94358128667616,0,32.2469951074627,0.0192461809502972,1.79809383654235,0.0473389654716163,1.15018876737038,494.013911608861,498.4041555113,67.2885347746745,2.44613446107009e-15,5.26560579085928e-16
"26",26,"unconstrained","1:2:0:3","weibull",1,2,0,3,4,5,0,6,0,0,0,0,0,0,0,0,FALSE,239.738130207453,50.7721250758232,0.000291227476552476,190.894504144546,16.5882627793204,0,172.771487572856,0.137653267012998,-8.06428965152066,0,-2.67700118874268,NA,NA,NA,NA,0,NA,NA,NA,0,NA,495.476260414907,498.904831843478,67.7892111068527,1.90440731890152e-15,4.09947137663718e-16
"27",27,"unconstrained","1:2:0:3","weibull",1,2,0,3,4,5,6,0,0,0,0,0,0,0,0,0,FALSE,240.018814887535,35.5761253532816,0.00270497975742099,258.019291482982,3.29101856374909,0,6.26936724478031,0.112419468894342,-7.10656458935649,-0.139332871096676,0,NA,0.00131199449109723,210.997410130303,2.08125434398067,0,21.828453492739,0.015918086441351,1.49210652618633,0.0554121646656998,0,496.037629775071,499.466201203642,68.3505804670167,1.43833495222883e-15,3.09619318732717e-16
"74",74,"unconstrained","1:2:0:0","weibull",1,2,0,0,0,3,4,5,0,0,0,0,0,0,0,0,FALSE,241.740483947232,140.157845322788,0.000123609186386529,501.795900347151,58.9929699818782,0,0,0,-0.542669960072767,0.000268602901238171,-2.78247512202077,NA,NA,NA,NA,0,0,0,NA,NA,NA,497.480967894464,500.085619057254,68.969998320629,1.05524950288841e-15,2.27155456155088e-16
"75",75,"unconstrained","1:2:0:0","weibull",1,2,0,0,3,0,4,5,0,0,0,0,0,0,0,0,FALSE,241.756097270393,33.2860441374506,0.00093843663885111,70.8425116479778,7.54974977062242,0,0,0.0881658061832482,0,-0.00217240183239677,-2.79995726806966,NA,0.00189646063816281,143.399229988499,15.459751934989,0,0,0.152055147871509,0,0.0176671401706458,0.94439048908154,497.512194540785,500.116845703576,69.0012249669506,1.03890150676037e-15,2.23636348581457e-16
"24",24,"unconstrained","1:2:0:3","weibull",1,2,0,3,0,4,5,6,0,0,0,0,0,0,0,0,FALSE,240.654520596378,81.3815300624405,0.000146579947577649,416.378510557878,34.2914949692081,0,359.158027620662,0,-0.4674679663692,8.73746237987824e-05,-2.83783532416869,NA,NA,NA,NA,0,NA,0,NA,NA,NA,497.309041192757,500.737612621328,69.6219918847028,7.61687016296386e-16,1.63962514230637e-16
"25",25,"unconstrained","1:2:0:3","weibull",1,2,0,3,4,0,5,6,0,0,0,0,0,0,0,0,FALSE,240.677943525232,34.5842755432041,0.000892153200603331,69.260052635109,5.32488375861092,0,60.6928455152834,0.0969320911351652,0,-0.00164002784391521,-2.86690800236446,NA,0.000868643558561473,72.6235402696512,5.40189655969445,0,76.4862770996328,0.151545168973757,0,0.0195056819747869,0.91930493168901,497.355887050464,500.784458479036,69.6688377424103,7.44053397199869e-16,1.60166660474184e-16
"153",153,"additive","1:2:0:0","weibull",1,2,0,0,3,4,0,0,0,0,0,0,0,0,0,0,FALSE,245.091726476678,46.0847001983647,0.000641656265373987,126.568111215775,23.3884026369841,0,0,0.120188574720396,-8.92001760300111,0,0,NA,0.000780728394180394,149.570017827045,30.5878482968057,0,0,0.0300126089027814,2.78526594563445,0,0,502.183452953357,504.092543862448,72.9769231258225,1.42318871068728e-16,3.06358903639424e-17
"236",236,"noILVs","1:2:0:0","weibull",1,2,0,0,0,0,0,0,0,0,0,0,0,0,0,0,FALSE,248.231143188431,169.451082727585,9.00872077554593e-05,1376.38838405183,185.168961579754,0,0,0,0,0,0,NA,NA,NA,NA,0,0,0,0,0,0,504.462286376861,505.331851594253,74.2162308576274,7.65861495466131e-17,1.64861122301447e-17
"83",83,"additive","1:2:0:3","weibull",1,2,0,3,4,5,0,0,0,0,0,0,0,0,0,0,FALSE,245.016390357603,36.4321614391523,0.000856857520774683,117.576277176343,14.5388121799043,0,37.1926029988845,0.116904887796925,-8.13341071364652,0,0,1890.37539079995,NA,NA,NA,0,72.5853915437951,0.0176060550122402,NA,0,0,504.032780715207,506.637431877998,75.5218111413723,3.98700774201764e-17,8.58252536346051e-18
"213",213,"noILVs","1:2:0:3","weibull",1,2,0,3,0,0,0,0,0,0,0,0,0,0,0,0,FALSE,247.692740087508,274.785684404212,7.70210677493911e-05,1450.04795977317,176.33163371234,0,1231.78513766458,0,0,0,0,NA,NA,NA,NA,0,NA,0,0,0,0,505.385480175016,506.718813508349,75.603192771724,3.82802955780973e-17,8.24030523586406e-18
"211",211,"additive","1:2:0:0","weibull",1,2,0,0,0,3,0,0,0,0,0,0,0,0,0,0,FALSE,248.230079782185,170.590260216226,0.000115815426346285,1044.63495305771,146.298946540519,0,0,0,-1.51947163689846,0,0,NA,NA,NA,NA,0,0,0,NA,0,0,506.460159564371,507.793492897704,76.6778721610789,2.23671998506026e-17,4.81481533141546e-18
"151",151,"unconstrained","1:2:0:0","weibull",1,2,0,0,3,0,0,4,0,0,0,0,0,0,0,0,FALSE,247.323100511377,29.387368634711,0.0454772360959502,1.4612914923347,0.218685326551079,0,0,0.037395422908107,0,0,-1.20957989100375,NA,NA,0.684506777511748,0.100600358130127,0,0,0.0280788618434399,0,0,0.808814858773675,506.646201022754,508.555291931845,77.4396711952197,1.52823119249654e-17,3.289705919707e-18
"156",156,"additive","1:2:0:3","weibull",1,2,0,3,0,4,0,0,0,0,0,0,0,0,0,0,FALSE,247.657717010006,183.963333880633,0.000114686229461414,1018.92722153279,122.549071713434,0,635.749357892309,0,-0.846389417575364,0,0,NA,NA,NA,NA,0,NA,0,NA,0,0,507.315434020013,509.224524929104,78.1089041924785,1.09362130160188e-17,2.35415458568159e-18
"150",150,"unconstrained","1:2:0:0","weibull",1,2,0,0,0,3,4,0,0,0,0,0,0,0,0,0,FALSE,247.690239723889,247.120198872935,0.000135077354217569,1250.41605197848,132.388210098076,0,0,0,-1.1141082568532,-0.0133475374283659,0,NA,NA,NA,NA,0,0,0,NA,NA,0,507.380479447779,509.28957035687,78.1739496202443,1.05862592578597e-17,2.27882272781269e-18
"157",157,"additive","1:2:0:3","weibull",1,2,0,3,4,0,0,0,0,0,0,0,0,0,0,0,FALSE,247.81105342565,32.2255989034813,0.00289689511922365,39.1552115201842,4.82691995916116,0,24.8227321168501,0.085772798266387,0,0,0,699.173967465663,NA,NA,NA,0,16.1771454358157,0.0531969795934483,0,0,0,507.622106851301,509.531197760392,78.4155770237664,9.38153280776617e-18,2.01949051721791e-18
"110",110,"unconstrained","0:1:0:0","weibull",0,1,0,0,2,3,0,4,0,0,0,0,0,0,0,0,TRUE,248.463225651476,32.3283940232656,0.00119295030661435,0,10.7828381530328,0,0,0.12315998179861,-7.57885715513599,0,-1.86989337846023,NA,NA,0,NA,0,0,NA,NA,0,NA,508.926451302952,510.835542212043,79.7199214754177,4.88696245770168e-18,1.0519788763259e-18
"212",212,"additive","1:2:0:0","weibull",1,2,0,0,3,0,0,0,0,0,0,0,0,0,0,0,FALSE,250.916198540857,29.4289935987873,0.0357770313701874,2.16178421247915,0.404149312618261,0,0,0.0457970808370978,0,0,0,NA,0.0114000032437208,1.01401175899408,0.176608959501355,0,0,0.029097262580374,0,0,0,511.832397081715,513.165730415048,82.0501096784229,1.52421090177505e-18,3.28105174862976e-19
"47",47,"unconstrained","0:1:0:2","weibull",0,1,0,2,3,4,0,5,0,0,0,0,0,0,0,0,TRUE,248.29942493358,58.11103545772,0.00145284587177945,0,7.81681183289805,0,19.2195390770618,0.120843630702129,-7.14039377046451,0,-1.96737491160588,NA,NA,0,NA,0,NA,NA,NA,0,NA,510.598849867159,513.20350102995,82.0878802933244,1.49569581585615e-18,3.21966951313493e-19
"112",112,"socialEffectsOnly","0:1:0:2","weibull",0,1,0,2,0,0,3,4,0,0,0,0,0,0,0,0,TRUE,249.720126994284,29.1388047750767,0.00938123625215078,0,0.639808596367413,0,4.57892637143113,0,0,0.0316719084993816,-3.2084262279627,NA,0.018655758703657,0,1.50923153788166,0,10.3618848960322,0,0,0.0120045303225485,1.07315344351917,511.440253988567,513.349344897658,82.2337241610328,1.39050861929757e-18,2.99324111349544e-19
"179",179,"socialEffectsOnly","0:1:0:0","weibull",0,1,0,0,0,0,2,3,0,0,0,0,0,0,0,0,TRUE,251.041191121489,28.8788871096922,0.00708182297193639,0,1.15879914243846,0,0,0,0,0.0316162760649873,-3.0884522505453,NA,0.0167942587051332,0,3.10980942241401,0,0,0,0,0.0118920661211219,1.03627845819722,512.082382242978,513.415715576311,82.3000948396857,1.34512137961648e-18,2.89553948838064e-19
"44",44,"unconstrained","0:1:0:0","weibull",0,1,0,0,2,3,4,5,0,0,0,0,0,0,0,0,TRUE,248.460056737685,29.5855315870256,0.00125904603913411,0,10.3849334090308,0,0,0.122671668604611,-7.52530196636559,-0.00167823794136007,-1.83416664146391,NA,NA,0,NA,0,0,NA,NA,NA,NA,510.92011347537,513.524764638161,82.4091439015357,1.27374288939987e-18,2.74188849436989e-19
"184",184,"additive","0:1:0:0","weibull",0,1,0,0,2,3,0,0,0,0,0,0,0,0,0,0,TRUE,251.25201205117,33.8562710553574,0.000840718743191476,0,24.8450325471147,0,0,0.124467104790808,-8.68705394999888,0,0,NA,NA,0,NA,0,0,NA,NA,0,0,512.504024102341,513.837357435674,82.7217366990488,1.08943947882933e-18,2.34515269696372e-19
"62",62,"unconstrained","1:0:0:2","weibull",1,0,0,2,3,4,0,5,0,0,0,0,0,0,0,0,TRUE,248.662187802811,29.6442522441397,0.0113621414767406,5.00763315383936,0,0,8.01963570675926,0.0624071553541562,-4.84523602133681,0,-2.94976289750234,NA,0.0113054105402525,7.41390415313164,0,0,12.3444187883119,0.0260861072797156,2.98044983865308,0,1.13783667607726,511.324375605621,513.929026768412,82.8134060317867,1.04063245486939e-18,2.24008956487178e-19
"46",46,"unconstrained","0:1:0:2","weibull",0,1,0,2,3,0,4,5,0,0,0,0,0,0,0,0,TRUE,249.107870707881,32.2882368462949,0.0186605249336541,0,0.253643888271309,0,2.13805611392818,0.0528023463452754,0,0.0313870450330506,-3.56819676422861,NA,0.0186477990213791,0,0.397514630912772,0,3.0606589541739,0.0336042178195744,0,0.013262715217739,1.27967082665665,512.215741415763,514.820392578553,83.7047718419279,6.66407291161176e-19,1.43452379550471e-19
"111",111,"unconstrained","0:1:0:0","weibull",0,1,0,0,2,3,4,0,0,0,0,0,0,0,0,0,FALSE,250.484783513405,30.2406288976444,0.00184571436559723,0,12.2420094188679,0,0,0.116770292185636,-7.58549610136938,-0.0219134382508876,0,NA,0.00275129362768373,0,19.0864680301707,0,0,0.0263295795710867,2.65362001510744,0.0192343633386293,0,512.96956702681,514.878657935901,83.7630371992758,6.47273129636615e-19,1.39333515549721e-19
"109",109,"unconstrained","0:1:0:0","weibull",0,1,0,0,2,0,3,4,0,0,0,0,0,0,0,0,TRUE,250.499334001408,29.3870857278288,0.0155537639446348,0,0.461504396434023,0,0,0.0572887923899527,0,0.0302825921925026,-3.30713737154369,NA,0.0154644258145929,0,0.690390777542636,0,0,0.0371031610463302,0,0.013426058460953,1.16257991098908,512.998668002815,514.907758911906,83.7921381752806,6.37923177871227e-19,1.37320823240952e-19
"133",133,"unconstrained","1:0:0:2","weibull",1,0,0,2,0,3,0,4,0,0,0,0,0,0,0,0,TRUE,250.560026279881,31.5229175031979,0.0219447467253574,2.81090810707346,0,0,4.39639026409727,0,-2.97395068661239,0,-3.15285552648731,NA,0.0105285707981318,3.39522108495201,0,0,5.70414075514614,0,2.53722803034723,0,1.05659281575787,513.120052559761,515.029143468852,83.913522732227,6.00357665488687e-19,1.29234383894051e-19
"200",200,"socialEffectsOnly","1:0:0:2","weibull",1,0,0,2,0,0,0,3,0,0,0,0,0,0,0,0,TRUE,252.164737019324,29.5879186848934,0.0335512654930217,1.81313575834568,0,0,2.95912400338526,0,0,0,-3.29959297804619,NA,NA,1.50588040269955,0,0,2.70302030559265,0,0,0,1.03435925597695,514.329474038649,515.662807371982,84.5471866353568,4.37332438707976e-19,9.4141195361106e-20
"210",210,"socialEffectsOnly","1:2:0:0","weibull",1,2,0,0,0,0,3,0,0,0,0,0,0,0,0,0,FALSE,252.212138633391,45.0235431474714,0.0445273350035573,1.88892450332337,0.354213004739356,0,0,0,0,0.00181794397880215,0,372.095438225536,0.0269211233074298,0.954307867106659,0.189227786776194,0,0,0,0,0.0130179191243813,0,514.424277266781,515.757610600115,84.6419898634895,4.17085827152486e-19,8.97828627858299e-20
"108",108,"unconstrained","0:1:0:0","weibull",0,1,0,0,0,2,3,4,0,0,0,0,0,0,0,0,TRUE,250.936176890581,29.4070555058335,0.00992801036717393,0,0.78750594747033,0,0,0,-0.842732363938358,0.032258709688201,-3.16183134479815,NA,0.0173876272087031,0,1.67506944924343,0,0,0,2.29587061668814,0.0121388127948596,1.06732967119943,513.872353781161,515.781444690252,84.665823953627,4.12144895678428e-19,8.8719266413836e-20
"45",45,"unconstrained","0:1:0:2","weibull",0,1,0,2,0,3,4,5,0,0,0,0,0,0,0,0,TRUE,249.612797662972,29.4026778532378,0.0121827489087183,0,0.464417547884794,0,3.42586026267032,0,-0.685428890165482,0.0323359735082913,-3.29265780326888,NA,0.019718889565026,0,0.94883012119387,0,6.65913863982766,0,1.87012924526308,0.0122784539248907,1.11584284012995,513.225595325944,515.830246488735,84.7146257521098,4.0220989403316e-19,8.65806349106177e-20
"182",182,"unconstrained","0:1:0:0","weibull",0,1,0,0,2,0,0,3,0,0,0,0,0,0,0,0,TRUE,252.257475533758,29.3915513456289,0.0235430485243606,0,0.443201300847054,0,0,0.0777085768564669,0,0,-2.61647399448309,NA,0.00991731348048291,0,0.488432176268933,0,0,0.0231333907592468,0,0,1.11457420217328,514.514951067516,515.84828440085,84.7326636642243,3.98598689797615e-19,8.58032787089337e-20
"11",11,"unconstrained","0:1:0:2","weibull",0,1,0,2,3,4,5,6,0,0,0,0,0,0,0,0,FALSE,248.38998332241,34.975785207981,0.00586356450325137,0,1.59712966632836,0,4.31089287423271,0.0992169394689952,-4.94072237525594,0.00166742871558205,-2.26789485739549,NA,0.00537207266606422,0,1.91065978878053,0,8.06419754549418,0.0216777249462339,2.16569078560747,0.0267404128469859,1.23180010405652,512.77996664482,516.208538073391,85.0929173367659,3.32895386008351e-19,7.16598331045581e-20
"115",115,"unconstrained","0:1:0:2","weibull",0,1,0,2,3,0,0,4,0,0,0,0,0,0,0,0,TRUE,251.234375701945,32.4446604110522,0.0252217609444105,0,0.284716964780346,0,2.25397275763937,0.0739039057272111,0,0,-2.88980812896279,NA,0.0158881243925171,0,0.344973162845823,0,2.68915818782111,0.0226997173479303,0,0,1.20070309981846,514.46875140389,516.37784231298,85.262221576355,3.0587489078264e-19,6.584333861512e-20
"135",135,"unconstrained","1:0:0:2","weibull",1,0,0,2,3,0,0,4,0,0,0,0,0,0,0,0,TRUE,251.329154429993,29.3803975947481,0.0318279643426279,1.75482305234918,0,0,2.86024515582509,0.0426260199642939,0,0,-3.42788150090433,NA,NA,1.51942021315047,0,0,2.63402377676216,0.0270844246969667,0,0,1.08687888006725,514.658308859987,516.567399769078,85.4517790324524,2.78215901576197e-19,5.98894004300927e-20
"60",60,"unconstrained","1:0:0:2","weibull",1,0,0,2,0,3,4,5,0,0,0,0,0,0,0,0,TRUE,250.473270786775,31.5320295873478,0.0214320340591399,3.5388220344969,0,0,4.71652386535034,0,-2.98797337260243,-0.00780939114079501,-3.05937814256863,NA,NA,4.57420423079328,0,0,6.09356821872428,0,2.54220610160389,0.0189458905647809,1.06652028489221,514.94654157355,517.551192736341,86.4355719997155,1.70119469674141e-19,3.66203117167238e-20
"48",48,"unconstrained","0:1:0:2","weibull",0,1,0,2,3,4,5,0,0,0,0,0,0,0,0,0,TRUE,250.482695939268,30.1609317994119,0.00161850587946007,0,14.0985694033716,0,0,0.118889444490152,-7.76279504757159,-0.02148894064961,0,NA,0.00367058378998757,0,34.1861822093537,0,32.2155865513203,0.0369090877843113,3.79296047007292,0.0194476593942742,0,514.965391878535,517.570043041326,86.4544223047006,1.68523600200953e-19,3.62767811515316e-20
"185",185,"socialEffectsOnly","0:1:0:2","weibull",0,1,0,2,0,0,0,3,0,0,0,0,0,0,0,0,TRUE,253.271964742558,28.7751103206349,0.00402839246814147,0,2.87548151688533,0,20.0182094299115,0,0,0,-2.23778567146387,NA,0.0168533411955108,0,12.5608292969073,0,85.7393017411399,0,0,0,0.83460114959005,516.543929485116,517.877262818449,86.761642081824,1.44526937947912e-19,3.11112039630383e-20
"132",132,"socialEffectsOnly","1:0:0:2","weibull",1,0,0,2,0,0,3,4,0,0,0,0,0,0,0,0,TRUE,252.029968406692,95.4540314265785,0.0331323670810243,2.45331474050729,0,0,3.31766351213241,0,0,-0.00933957490927797,-3.1805268531975,NA,NA,2.42256589356368,0,0,3.12682222655932,0,0,0.0180143338273995,1.04027629190512,516.059936813384,517.969027722474,86.8534069858491,1.38045516426133e-19,2.97159981294577e-20
"224",224,"socialEffectsOnly","0:1:0:0","weibull",0,1,0,0,0,0,0,2,0,0,0,0,0,0,0,0,TRUE,254.604556278138,29.5655240224534,0.00292553534978367,0,5.34309907372875,0,0,0,0,0,-2.11570847512757,NA,0.016205180215586,0,30.3646446904549,0,0,0,0,0,0.82572955240035,517.209112556276,518.078677773667,86.9630570370419,1.30680894850191e-19,2.81306726032066e-20
"61",61,"unconstrained","1:0:0:2","weibull",1,0,0,2,3,0,4,5,0,0,0,0,0,0,0,0,TRUE,250.798568527694,29.48698172303,0.0266841817303788,3.65759686063339,0,0,3.9147527474597,0.0544371821614299,0,-0.0218185529728468,-3.1175860595628,NA,NA,4.08165377013962,0,0,3.96591037180501,0.0295766204821602,0,0.0224544753441061,1.08599484249114,515.597137055387,518.201788218178,87.0861674815527,1.22879378560454e-19,2.64513001072748e-20
"131",131,"unconstrained","1:0:0:0","weibull",1,0,0,0,2,3,4,0,0,0,0,0,0,0,0,0,TRUE,252.290233472995,35.1413099520878,0.0176110650316632,49.1461480444948,0,0,0,0.0676417454510014,-5.82415531808818,-0.168046327786961,0,1118.34166460491,0.016583904545527,49.2245913406319,0,0,0,0.0131850256889394,1.68239204508322,0.0707162547990253,0,516.580466945989,518.48955785508,87.3739371184548,1.06412004378271e-19,2.29064949367521e-20
"137",137,"additive","1:0:0:2","weibull",1,0,0,2,3,4,0,0,0,0,0,0,0,0,0,0,TRUE,253.108047270099,31.9388280807854,0.00878578203311572,11.7974518886264,0,0,17.7422872321245,0.0674641978460154,-6.48184965549744,0,0,NA,NA,15.1089895294518,0,0,24.7121572204179,0.0198735186413303,2.61187581614726,0,0,518.216094540198,520.125185449289,89.0095647126633,4.69697884712884e-20,1.01108256355481e-20
"113",113,"unconstrained","0:1:0:2","weibull",0,1,0,2,0,3,0,4,0,0,0,0,0,0,0,0,TRUE,253.207728506376,28.9666220087708,0.00697519112272508,0,1.60173225568029,0,11.3897720838404,0,-0.801219929974038,0,-2.28649126064944,NA,0.0179250027401763,0,4.47187918230772,0,31.0428039996859,0,2.67243168854194,0,0.85347938954973,518.415457012752,520.324547921843,89.2089271852176,4.25135717507796e-20,9.15157008593414e-21
"180",180,"unconstrained","0:1:0:0","weibull",0,1,0,0,0,2,0,3,0,0,0,0,0,0,0,0,TRUE,254.533247420798,29.0781851199549,0.00651150871361312,0,2.31895868257762,0,0,0,-1.03388425703789,0,-2.16309832710494,NA,0.0171814619255051,0,6.59503878093353,0,0,0,3.14092718084829,0,0.842754221456505,519.066494841595,520.399828174929,89.2842074383032,4.09430973710523e-20,8.81350612747657e-21
"155",155,"socialEffectsOnly","1:2:0:3","weibull",1,2,0,3,0,0,4,0,0,0,0,0,0,0,0,0,FALSE,253.560365012073,40.3032964352281,0.0563373895755815,1.30478391466141,0.257437306098419,0,0.0371254459302367,0,0,0.00466339867222268,0,334.857668433814,0.0357750525015329,0.647624777155693,0.140867569715673,0,1.30582590545725,0,0,0.0130192995161898,0,519.120730024146,521.029820933236,89.9142001966111,2.98799251299211e-20,6.43202200445375e-21
"148",148,"socialEffectsOnly","1:2:0:0","weibull",1,2,0,0,0,0,3,4,0,0,0,0,0,0,0,0,FALSE,253.74607142171,35.1885258512907,0.0518947204541626,0.843303164524469,0.285816967981289,0,0,0,0,0.00987626461727915,-0.189371809328269,NA,0.0164206074106717,0.442904382875921,0.133082049209082,0,0,0,0,0.0126414897410838,0.672183488425105,519.492142843419,521.40123375251,90.2856130158849,2.48157974650009e-20,5.3419061346013e-21
"17",17,"unconstrained","1:0:0:2","weibull",1,0,0,2,3,4,5,6,0,0,0,0,0,0,0,0,FALSE,251.4050356984,29.3816128073147,0.0600493284796853,0.832252766728087,0,0,1.14116362929255,0.0295530948447444,-0.763573497419583,0.00883402217113108,-3.28028241275676,76.9732775885044,0.00579129548223045,NA,0,0,NA,0.01943220406725,0.916540227853154,NA,0.899570013598166,518.8100713968,522.238642825371,91.1230220887461,1.63262772092255e-20,3.51443230878093e-21
"159",159,"socialEffectsOnly","1:2:3:0","weibull",1,2,3,0,0,0,4,0,0,0,0,0,0,0,0,0,FALSE,254.354562242194,29.3915365780888,0.0642956399874995,0.52934462512175,0.230086253587748,0.588888786800342,0,0,0,0.014752779418045,0,129.911633946938,NA,0.25660282334939,NA,NA,0,0,0,0.0108616661520563,0,520.709124484388,522.618215393479,91.5025946568534,1.35040497838662e-20,2.90691308567196e-21
"227",227,"additive","0:1:0:0","weibull",0,1,0,0,2,0,0,0,0,0,0,0,0,0,0,0,TRUE,256.966835862171,29.5201391942638,0.0203903717970094,0,1.09687256479433,0,0,0.0825689616405004,0,0,0,NA,0.0137003000633051,0,1.07947834781781,0,0,0.0245972916478148,0,0,0,521.933671724342,522.803236941733,91.687616205108,1.23108236911899e-20,2.65005646869547e-21
"152",152,"unconstrained","1:2:0:0","weibull",1,2,0,0,3,0,4,0,0,0,0,0,0,0,0,0,FALSE,254.59566946874,29.3835386726414,0.0616620738657785,0.595830600619351,0.246727129776208,0,0,0.0516653034633037,0,-0.00241027949147439,0,265.249038136902,0.0431144469596418,0.421814765085883,0.126630265544377,0,0,0.0204943655645943,0,0.0186588524918774,0,521.191338937481,523.100429846572,91.9848091099464,1.06109066131095e-20,2.28412837468527e-21
"82",82,"unconstrained","1:2:0:3","weibull",1,2,0,3,4,0,5,0,0,0,0,0,0,0,0,0,FALSE,253.504866890616,29.3856403954457,0.0598770443712957,0.854891411356724,0.243090565212543,0,0.11418750567404,0.0505445270508548,0,-0.00431441441458285,0,214.027681124985,0.0360713450587392,0.512525103157759,0.139275686751166,0,1.27572457928391,0.020494644105132,0,0.0186171935906134,0,521.009733781233,523.614384944023,92.498764207398,8.20632213413236e-21,1.76651194114001e-21
"18",18,"unconstrained","1:0:2:0","weibull",1,0,2,0,3,4,5,6,0,0,0,0,0,0,0,0,FALSE,252.223929219238,29.3780836461918,0.182018804484976,0,0,0.702771349384783,0,0.0226005038441579,-0.435210808159048,0.114580293791918,-0.282480852058683,108.946604001645,0.13679628782843,0.00227981913395384,0,0.337964121613982,0,0.0116136305064997,0.376537744801673,NA,NA,520.447858438477,523.876429867048,92.7608091304229,7.19856994585531e-21,1.54958086712123e-21
"78",78,"socialEffectsOnly","1:2:0:3","weibull",1,2,0,3,0,0,4,5,0,0,0,0,0,0,0,0,FALSE,253.878887718144,34.5206879141926,0.0512154226941596,0.792421749847432,0.290952258923757,0,0.0363414881298441,0,0,0.010467455384502,-0.195100662478702,NA,0.0167297369999866,0.429592267844652,0.164366445640973,0,1.42169486044332,0,0,0.012636125415952,0.71149045259575,521.757775436287,524.362426599078,93.2468058624527,5.64564257331475e-21,1.21529411813949e-21
"188",188,"additive","0:1:0:2","weibull",0,1,0,2,3,0,0,0,0,0,0,0,0,0,0,0,TRUE,256.749536085352,33.2819806918681,0.0195868542990227,0,1.03050158926297,0,2.88149981956444,0.0821273687265216,0,0,0,NA,0.0149949696964815,0,1.05526830156659,0,5.39171131542096,0.025073153024584,0,0,0,523.499072170705,524.832405504038,93.7167847674127,4.46332752267354e-21,9.60786237384928e-22
"239",239,"noILVs","0:1:0:0","weibull",0,1,0,0,0,0,0,0,0,0,0,0,0,0,0,0,FALSE,259.337725512939,0.00460181796412768,0.000533046663965769,0,53.004756474038,0,0,0,0,0,0,NA,0.00441559507886868,0,442.562044056091,0,0,0,0,0,0,524.675451025878,525.186089323751,94.0704685871253,3.73987676112359e-21,8.05054548058556e-22
"183",183,"unconstrained","0:1:0:0","weibull",0,1,0,0,2,0,3,0,0,0,0,0,0,0,0,0,TRUE,256.957267211776,29.3637320141382,0.0212673056699719,0,1.05975449767974,0,0,0.0830156503286185,0,-0.00238323078399682,0,NA,0.0149684654905645,0,1.04766923876534,0,0,0.0240862773895134,0,0.0175146055273264,0,523.914534423552,525.247867756885,94.13224702026,3.62612085808907e-21,7.80567188459323e-22
"195",195,"unconstrained","1:0:0:0","weibull",1,0,0,0,0,2,0,3,0,0,0,0,0,0,0,0,TRUE,257.00576222095,1653.16457844987,0.594007430447859,1.46792271514445,0,0,0,0,-3.26745493825573,0,-3.05035550029914,3091.45033424284,0.389798714237682,1.19417675292638,0,0,0,0,1.50874423991149,0,1.39762338072494,524.0115244419,525.344857775233,94.2292370386081,3.45446788927359e-21,7.4361677215974e-22
"130",130,"unconstrained","1:0:0:0","weibull",1,0,0,0,2,3,0,4,0,0,0,0,0,0,0,0,TRUE,255.721553010664,29.4559495402606,0.0336512210993044,1.91403808335114,0,0,0,0.042119059758242,-4.46560891267634,0,-2.72448794845192,527.499582299543,0.0323090070576441,1.85341579679582,0,0,0,0.0162868781176238,1.76008494254385,0,1.67279851332044,523.443106021327,525.352196930418,94.2365761937928,3.44181468147633e-21,7.40893013294044e-22
"202",202,"additive","1:0:0:2","weibull",1,0,0,2,0,3,0,0,0,0,0,0,0,0,0,0,TRUE,257.025734077973,34.4418137505074,0.019271164389258,6.92667363945285,0,0,10.0730246307613,0,-4.40462140002853,0,0,NA,NA,8.41122904248742,0,0,13.5118187101353,0,2.79103671429157,0,0,524.051468155947,525.38480148928,94.269180752655,3.38616013733115e-21,7.2891268700363e-22
"225",225,"socialEffectsOnly","0:1:0:0","weibull",0,1,0,0,0,0,2,0,0,0,0,0,0,0,0,0,FALSE,258.504974580426,28.2447652260015,0.000831286109121201,0,29.6758365493909,0,0,0,0,0.0128948256412373,0,6183.1045679462,NA,0,NA,0,0,0,0,0.00972780330839012,0,525.009949160852,525.879514378243,94.7638936416176,2.6441248263893e-21,5.69180444459277e-22
"134",134,"unconstrained","1:0:0:2","weibull",1,0,0,2,0,3,4,0,0,0,0,0,0,0,0,0,TRUE,256.137376097627,35.410070216488,0.0210689417715764,11.0339092944225,0,0,9.47743921534918,0,-4.22202000196172,-0.0254732813144448,0,1473.31968906002,0.0297816579845908,12.3626001696879,0,0,11.8437330945548,0,2.56319832865314,0.0209489388039193,0,524.274752195254,526.183843104345,95.0682223677193,2.27089895612845e-21,4.88838977748396e-22
"228",228,"noILVs","0:1:0:2","weibull",0,1,0,2,0,0,0,0,0,0,0,0,0,0,0,0,FALSE,258.670065695878,54.4329724279828,0.000246178073946462,0,96.7471442024157,0,414.447324407986,0,0,0,0,NA,NA,0,NA,0,NA,0,0,0,0,525.340131391756,526.209696609147,95.0940758725218,2.24173252733965e-21,4.82560544621632e-22
"136",136,"unconstrained","1:0:0:2","weibull",1,0,0,2,3,0,4,0,0,0,0,0,0,0,0,0,TRUE,256.215912781691,29.6695321790107,0.0343422178043516,12.5438038894978,0,0,6.3948263042041,0.0719575739986233,0,-0.0691207890517892,0,768.626494616934,0.0389122978473554,11.6250420145881,0,0,5.46183927708145,0.0243324918269664,0,0.0527356746130132,0,524.431825563383,526.340916472474,95.2252957358482,2.09937374786262e-21,4.51916063481131e-22
"128",128,"unconstrained","1:0:0:0","weibull",1,0,0,0,0,2,3,4,0,0,0,0,0,0,0,0,TRUE,256.400801645715,1598.15430553657,0.633484625279562,2.85803590599672,0,0,0,0,-3.38730311478483,-0.0236423038635846,-2.56275715550614,2848.37605849996,0.385981694123711,2.76797817959275,0,0,0,0,1.55746688739646,0.021937388228546,1.39568051191593,524.801603291431,526.710694200522,95.5950734638961,1.7449924359169e-21,3.75631120112264e-22
"3",3,"unconstrained","1:0:2:3","weibull",1,0,2,3,4,5,6,7,0,0,0,0,0,0,0,0,FALSE,252.223929219238,29.3780836461918,0.182018804484976,0,0,0.702771349384783,0,0.0226005038441579,-0.435210808159048,0.114580293791918,-0.282480852058683,109.680475340293,0.137749551931522,0.00730417494958375,0,0.338148010665923,0.01179694958279,0.013333575814979,0.393172739459412,0.00837610226538783,0.943715526816417,522.447858438477,526.838102340916,95.7224816042905,1.63729608205453e-21,3.52448153125893e-22
"117",117,"additive","0:1:0:2","weibull",0,1,0,2,3,4,0,0,0,0,0,0,0,0,0,0,FALSE,256.480405750449,29.4096087741114,0.0455011765551058,0,0.391991969204181,0,0.0546154002981699,0.0669951838797246,-0.462752344177861,0,0,NA,NA,0,0.229601113054839,0,1.72608507533179,0.0158413716408295,0.869965761016932,0,0,524.960811500897,526.869902409988,95.7542816733629,1.61146888855263e-21,3.46888531533964e-22
"186",186,"socialEffectsOnly","0:1:0:2","weibull",0,1,0,2,0,0,3,0,0,0,0,0,0,0,0,0,FALSE,257.869678527143,28.848563929854,0.000704682876508569,0,29.4710799815,0,122.365497122933,0,0,0.0125788121121647,0,NA,0.000967714778075006,0,40.8573125937386,0,202.987441035601,0,0,0.00968080459018014,0,525.739357054285,527.072690387619,95.9570696509934,1.45608616514059e-21,3.13440486006655e-22
"116",116,"unconstrained","0:1:0:2","weibull",0,1,0,2,3,0,4,0,0,0,0,0,0,0,0,0,TRUE,256.749462758347,33.1334170569246,0.0196686478083185,0,1.02710157090725,0,2.86265136764487,0.0821766504016432,0,-0.000201527862089765,0,NA,0.0166907745027916,0,1.08779865437274,0,5.60153044843705,0.025360467667114,0,0.0173086103014582,0,525.498925516695,527.408016425785,96.2923956891601,1.2313228857433e-21,2.65057421036093e-22
"226",226,"additive","0:1:0:0","weibull",0,1,0,0,0,2,0,0,0,0,0,0,0,0,0,0,TRUE,259.310577631542,28.7479954859871,0.00321472972902307,0,8.68940152190506,0,0,0,-1.70370409524812,0,0,NA,0.0167902908500517,0,46.1208832518883,0,0,0,5.74228107293189,0,0,526.621155263084,527.490720480475,96.3750997438495,1.18144360044146e-21,2.54320290362809e-22
"96",96,"unconstrained","0:0:0:1","weibull",0,0,0,1,2,3,0,4,0,0,0,0,0,0,0,0,FALSE,256.826685398242,0.00750364005816675,0.0370423425653239,0,0,0,1.01624230018256,0.0592548639639592,-2.95317941124432,0,-4.81453144815861,NA,NA,0,0,0,1.11836451485931,0.0126756286115276,1.14871126860465,0,2.3045283061101,525.653370796483,527.562461705574,96.4468409689489,1.13981556975354e-21,2.45359343900509e-22
"38",38,"unconstrained","0:0:0:1","weibull",0,0,0,1,2,3,4,5,0,0,0,0,0,0,0,0,FALSE,255.50505965216,0.00124233800087889,0.0455464468802067,0,0,0,0.198660386447531,0.0382404592914296,-1.8417798122188,0.0576360343927339,-7.40926108705079,NA,NA,0,0,0,0.288660792186983,0.0175683910821019,1.06573248952344,0.0234470240194027,2.73953372068726,525.01011930432,527.614770467111,96.4991497304856,1.11039086906486e-21,2.3902531456539e-22
"196",196,"unconstrained","1:0:0:0","weibull",1,0,0,0,0,2,3,0,0,0,0,0,0,0,0,0,TRUE,258.401987819006,1421.80684956733,0.698774139508783,7.69764291457759,0,0,0,0,-3.84351581538152,-0.040746823691779,0,2298.93109877865,0.374770439954099,5.97641127527578,0,0,0,0,1.59360583989835,0.0238027154924347,0,526.803975638012,528.137308971345,97.0216882347199,8.55082635947251e-22,1.84067071993147e-22
"181",181,"unconstrained","0:1:0:0","weibull",0,1,0,0,0,2,3,0,0,0,0,0,0,0,0,0,TRUE,258.483324931282,30.5752404570304,0.00213958426161359,0,11.4272585583692,0,0,0,-1.5733296328768,0.0129128539835405,0,NA,0.0154677193005948,0,83.4483501303906,0,0,0,6.7852765729731,0.0098042473909954,0,526.966649862565,528.299983195898,97.1843624592728,7.8828602684008e-22,1.69688278949586e-22
"80",80,"unconstrained","1:2:0:3","weibull",1,2,0,3,0,4,5,0,0,0,0,0,0,0,0,0,FALSE,255.962357057165,29.4018124010092,0.0647444580708789,0.562085331286326,0.22222324534737,0,0.0650190978857594,0,-0.321716537791903,0.0120779503038945,0,NA,NA,0.319805904631063,0.126205670394378,0,1.11209273756584,0,0.596874235962231,0.0121977644932132,0,525.924714114331,528.529365277122,97.4137445404962,7.02868600349902e-22,1.51301125556137e-22
"187",187,"additive","0:1:0:2","weibull",0,1,0,2,0,3,0,0,0,0,0,0,0,0,0,0,FALSE,258.665655020982,27.4851428951689,0.000759156301298692,0,31.3510416481158,0,133.527100344596,0,-1.28188892804503,0,0,NA,NA,0,NA,0,NA,0,NA,0,0,527.331310041964,528.664643375297,97.5490226386715,6.5689941708224e-22,1.41405692518111e-22
"232",232,"additive","1:0:0:0","weibull",1,0,0,0,0,2,0,0,0,0,0,0,0,0,0,0,TRUE,259.999121529932,1877.1126088565,0.603170260640269,3.30521081892042,0,0,0,0,-3.82802293869139,0,0,3568.50400176397,0.372350328479101,2.22142997465035,0,0,0,0,1.5616489283627,0,0,527.998243059864,528.867808277255,97.75218754063,5.93447327724168e-22,1.27746848554978e-22
"234",234,"noILVs","1:0:0:2","weibull",1,0,0,2,0,0,0,0,0,0,0,0,0,0,0,0,TRUE,260.03777900786,33.2580539124651,0.0400942197582898,3.52095797037249,0,0,5.9918762787736,0,0,0,0,NA,NA,2.43454841551509,0,0,4.67446604293405,0,0,0,0,528.075558015721,528.945123233112,97.8295024964866,5.70943915684408e-22,1.22902711871714e-22
"94",94,"unconstrained","0:0:0:1","weibull",0,0,0,1,0,2,3,4,0,0,0,0,0,0,0,0,FALSE,257.536018830062,0.186671951840458,0.0663341616720046,0,0,0,0.12246446772636,0,-1.38036972817288,0.0693481792280665,-7.85489246309754,NA,NA,0,0,0,0.172283099545569,0,0.866786279580332,0.0197546136357138,2.64118740025701,527.072037660123,528.981128569214,97.8655078325887,5.60757369516002e-22,1.20709932310866e-22
"201",201,"socialEffectsOnly","1:0:0:2","weibull",1,0,0,2,0,0,3,0,0,0,0,0,0,0,0,0,TRUE,258.980238439843,105.535500733001,0.0397911398293073,6.45846340498639,0,0,6.74894399588735,0,0,-0.0243450088638831,0,3491.25630569115,0.0632837887721759,5.05676494160204,0,0,5.57592191043802,0,0,0.0179933450235219,0,527.960476879686,529.293810213019,98.1781894763936,4.79597635820944e-22,1.03239299746279e-22
"203",203,"additive","1:0:0:2","weibull",1,0,0,2,3,0,0,0,0,0,0,0,0,0,0,0,TRUE,259.06003871358,29.8153889697877,0.0406871625855149,3.21192354715606,0,0,5.42822177264163,0.0435977761404742,0,0,0,NA,NA,2.24757205210548,0,0,4.1507800969118,0.0242339601613527,0,0,0,528.120077427161,529.453410760494,98.3377900238687,4.42812849838727e-22,9.53209213755845e-23
"205",205,"socialEffectsOnly","1:0:2:0","weibull",1,0,2,0,0,0,3,0,0,0,0,0,0,0,0,0,FALSE,259.079670648566,29.2341707162259,0.17062171376414,0.189235439301168,0,1.05609359796457,0,0,0,0.0496029349590056,0,114.255214815423,0.124326727256704,NA,0,0.392751618810325,0,0,0,NA,0,528.159341297133,529.492674630466,98.3770538938406,4.3420435395911e-22,9.34678365809544e-23
"114",114,"unconstrained","0:1:0:2","weibull",0,1,0,2,0,3,4,0,0,0,0,0,0,0,0,0,FALSE,257.857726368387,33.240657258694,0.000654478367580493,0,31.916056733981,0,131.52255274827,0,-1.15180165298949,0.0125733744764793,0,NA,NA,0,NA,0,NA,0,NA,NA,0,527.715452736775,529.624543645865,98.50892290924,4.06498718815326e-22,8.75038572832373e-23
"95",95,"unconstrained","0:0:0:1","weibull",0,0,0,1,2,0,3,4,0,0,0,0,0,0,0,0,FALSE,258.354865784851,1.07576298312794,0.0739365370633351,0,0,0,0.138047818703721,0.0323233814900998,0,0.0604749329244304,-7.91834937484228,NA,NA,0,0,0,0.187518100708255,0.0165553665871024,0,0.0193525816749647,2.65878942962101,528.709731569702,530.618822478793,99.5032017421676,2.47260233956171e-22,5.32258116015123e-23
"199",199,"additive","1:0:0:0","weibull",1,0,0,0,2,3,0,0,0,0,0,0,0,0,0,0,FALSE,260.410603888396,29.3715040681531,0.0711376697680367,0.811327161989565,0,0,0,0.0480725512250886,-2.48246155585858,0,0,NA,0.0191181984543231,0.394954717642729,0,0,0,0.0120097635447681,0.86005907890684,0,0,530.821207776791,532.154541110125,101.038920373499,1.14730057743216e-22,2.46970584018516e-23
"230",230,"socialEffectsOnly","1:0:0:0","weibull",1,0,0,0,0,0,0,2,0,0,0,0,0,0,0,0,TRUE,262.54732514018,431.272591211077,0.64343728772099,0.620083630935892,0,0,0,0,0,0,-3.65748573736762,341.406575581087,0.384942953988878,0.38059756470791,0,0,0,0,0,0,1.43183177534713,533.09465028036,533.964215497751,102.848594761126,4.64206707946434e-23,9.99262129052859e-24
"168",168,"additive","0:0:0:1","weibull",0,0,0,1,2,3,0,0,0,0,0,0,0,0,0,0,FALSE,261.561416063926,0.000235997122361507,0.0338414613366749,0,0,0,2.90919620010894,0.0589973850552363,-3.50768539539099,0,0,NA,NA,0,0,0,2.06212099743868,0.01150117714772,1.10535185243621,0,0,533.122832127852,534.456165461185,103.34054472456,3.62982622991161e-23,7.81364815394251e-24
"194",194,"socialEffectsOnly","1:0:0:0","weibull",1,0,0,0,0,0,2,3,0,0,0,0,0,0,0,0,FALSE,261.905844823977,435.543902533083,0.682018736167508,1.20940213505222,0,0,0,0,0,-0.0231991951486816,-3.10837058185583,343.192865185741,0.380785725894656,0.954932312067905,0,0,0,0,0,0.0206831077864537,1.41412086337244,533.811689647954,535.145022981288,104.029402244662,2.57218573122825e-23,5.53694667937266e-24
"166",166,"unconstrained","0:0:0:1","weibull",0,0,0,1,2,0,0,3,0,0,0,0,0,0,0,0,FALSE,261.912196087362,0.00210021318736495,0.0538098288335589,0,0,0,0.729571954596421,0.0504902679540952,0,0,-4.96554581027208,0.0465760380863908,0.0442450107085104,0,0,0,0.680249802975717,0.0132794203950964,0,0,2.02931562737168,533.824392174724,535.157725508057,104.042104771432,2.55590087163345e-23,5.50189151280255e-24
"97",97,"unconstrained","0:0:0:1","weibull",0,0,0,1,2,3,4,0,0,0,0,0,0,0,0,0,FALSE,260.637267364473,0.000308161881751953,0.0322958870925528,0,0,0,3.8727609389147,0.0629125272106994,-3.6792256509589,-0.0648315358051619,0,NA,NA,0,0,0,2.70629994050324,0.0112979520487996,1.09076633316261,0.0723589587010935,0,533.274534728947,535.183625638038,104.068004901412,2.52301518471619e-23,5.43110102020136e-24
"197",197,"unconstrained","1:0:0:0","weibull",1,0,0,0,2,0,0,3,0,0,0,0,0,0,0,0,FALSE,261.990760353392,531.347156321299,0.566369843876454,0.623024264810013,0,0,0,0.0209078957618799,0,0,-3.65847736816266,371.64729563627,0.335215613626215,0.475989072150121,0,0,0,0.0169075542594594,0,0,1.65454167374811,533.981520706784,535.314854040117,104.199233303492,2.36278376919355e-23,5.08618315780204e-24
"129",129,"unconstrained","1:0:0:0","weibull",1,0,0,0,2,0,3,4,0,0,0,0,0,0,0,0,TRUE,261.117122393869,533.845996647329,0.623152285454879,1.38429799065273,0,0,0,0.0253875042863851,0,-0.0302361621190037,-2.98715963836348,487.663799612022,0.381018688984827,1.17893077332399,0,0,0,0.0181975618203513,0,0.02454436127562,1.51107237626479,534.234244787738,536.143335696829,105.027714960204,1.56142623807515e-23,3.36116234493969e-24
"198",198,"unconstrained","1:0:0:0","weibull",1,0,0,0,2,0,3,0,0,0,0,0,0,0,0,0,FALSE,263.356227443548,461.109936856567,0.686674743866316,5.04656001616616,0,0,0,0.0381695183709697,0,-0.0698907766905451,0,346.818831090748,0.351213866597781,3.40091647100428,0,0,0,0.018527630349275,0,0.0453401184609707,0,536.712454887097,538.04578822043,106.930167483805,6.03127535452053e-24,1.29830632528422e-24
"241",241,"asocial","0:0:0:0","weibull",0,0,0,0,1,2,3,4,0,0,0,0,0,0,0,0,TRUE,264.84992632508,29.2002807200389,0.0655040982519311,0,0,0,0,0.0524006750199341,-3.79034022949626,NA,NA,636.301089367053,0.0992672616483964,0,0,0,0,0.00964247778431468,0.980840823781106,NA,NA,537.69985265016,538.569417867551,107.453797130926,4.64199238035863e-24,9.99246049150063e-25
"244",244,"asocial","0:0:0:0","weibull",0,0,0,0,1,2,0,3,0,0,0,0,0,0,0,0,TRUE,264.84992632508,29.2002807200389,0.0655040982519311,0,0,0,0,0.0524006750199341,-3.79034022949626,0,NA,636.301089367053,0.0992672616483964,0,0,0,0,0.00964247778431468,0.980840823781106,0,NA,537.69985265016,538.569417867551,107.453797130926,4.64199238035863e-24,9.99246049150063e-25
"245",245,"asocial","0:0:0:0","weibull",0,0,0,0,1,2,3,0,0,0,0,0,0,0,0,0,TRUE,264.84992632508,29.2002807200389,0.0655040982519311,0,0,0,0,0.0524006750199341,-3.79034022949626,NA,0,636.301089367053,0.0992672616483964,0,0,0,0,0.00964247778431468,0.980840823781106,NA,0,537.69985265016,538.569417867551,107.453797130926,4.64199238035863e-24,9.99246049150063e-25
"251",251,"asocial","0:0:0:0","weibull",0,0,0,0,1,2,0,0,0,0,0,0,0,0,0,0,TRUE,264.84992632508,29.2002807200389,0.0655040982519311,0,0,0,0,0.0524006750199341,-3.79034022949626,0,0,636.301089367053,0.0992672616483964,0,0,0,0,0.00964247778431468,0.980840823781106,0,0,537.69985265016,538.569417867551,107.453797130926,4.64199238035863e-24,9.99246049150063e-25
"231",231,"socialEffectsOnly","1:0:0:0","weibull",1,0,0,0,0,0,2,0,0,0,0,0,0,0,0,0,TRUE,265.06375219392,341.259143814921,0.797657887482352,3.7122677186509,0,0,0,0,0,-0.042507025953978,0,214.602202465906,0.366576024086542,1.98500850248407,0,0,0,0,0,0.0218099365634538,0,538.12750438784,538.997069605232,107.881448868606,3.74835770061848e-24,8.06880174769881e-25
"164",164,"unconstrained","0:0:0:1","weibull",0,0,0,1,0,2,0,3,0,0,0,0,0,0,0,0,FALSE,264.243435872066,3.89947001182342e-06,0.0449053408611373,0,0,0,0.941836364759701,0,-1.50928236048406,0,-4.52389743411767,NA,NA,0,0,0,NA,0,NA,0,NA,538.486871744132,539.820205077466,108.70458434084,2.48370168297132e-24,5.34647386427788e-25
"240",240,"noILVs","1:0:0:0","weibull",1,0,0,0,0,0,0,0,0,0,0,0,0,0,0,0,TRUE,267.079840486193,358.135429331806,0.695332966164388,1.49407969650113,0,0,0,0,0,0,0,236.364629275903,0.363292882935219,0.567630869526272,0,0,0,0,0,0,0,540.159680972387,540.670319270259,109.554698533634,1.62367640688392e-24,3.49516350251221e-25
"233",233,"additive","1:0:0:0","weibull",1,0,0,0,2,0,0,0,0,0,0,0,0,0,0,0,TRUE,266.175935828506,427.778165952998,0.622624867128822,1.40373513540354,0,0,0,0.0244922486215064,0,0,0,323.044611459899,0.365622290077148,0.572844769072997,0,0,0,0.0160766228702975,0,0,0,540.351871657012,541.221436874404,110.105816137778,1.23261035810146e-24,2.65334565322825e-25
"63",63,"unconstrained","1:0:0:2","weibull",1,0,0,2,3,4,5,0,0,0,0,0,0,0,0,0,FALSE,262.393980088021,29.3776701445519,0.131741678887268,0.50452480236952,0,0,0.488545436738662,0.0339997558891674,-0.550803587888752,0.000761301196821859,0,686.690501048823,0.413545239430657,0.299262453443524,0,0,0.432123123156219,0.01459549321284,0.569602502923545,0.0238910250497061,0,538.787960176041,541.392611338832,110.276990602206,1.13150310558981e-24,2.43569983579829e-25
"215",215,"socialEffectsOnly","0:0:0:1","weibull",0,0,0,1,0,0,0,2,0,0,0,0,0,0,0,0,FALSE,266.744668283563,5.06826934077987e-06,0.0480200488579788,0,0,0,1.03076459097689,0,0,0,-4.35779619700147,NA,NA,0,0,0,NA,0,0,0,NA,541.489336567127,542.358901784518,111.243281047893,6.97956644469621e-25,1.50243766537683e-25
"59",59,"unconstrained","1:0:0:0","weibull",1,0,0,0,2,3,4,5,0,0,0,0,0,0,0,0,FALSE,264.92833939449,29.3760376862665,0.148871606239711,0.529549072828317,0,0,0,0.0304648121676236,-0.526241263116413,0.0032119299465999,-0.243873486811977,100.122866537347,0.0906128182702761,0.308911362330987,0,0,0,0.0173841122384349,0.618548798796027,0.0246064617524434,2.98931375211317,543.85667878898,546.461329951771,115.345709215145,8.97423604370158e-26,1.93181487086286e-26
"218",218,"additive","0:0:0:1","weibull",0,0,0,1,2,0,0,0,0,0,0,0,0,0,0,0,FALSE,269.354323360895,2.14767766646271e-05,0.0505182565331642,0,0,0,2.35498034777804,0.0517003080874917,0,0,0,0.00203314920696613,0.142619914247672,0,0,0,1.18180877111375,0.0120303402296052,0,0,0,546.708646721789,547.57821193918,116.462591202555,5.13416292555099e-26,1.1051918225366e-26
"167",167,"unconstrained","0:0:0:1","weibull",0,0,0,1,2,0,3,0,0,0,0,0,0,0,0,0,FALSE,269.317185234272,0.000648337033470622,0.0559498560315576,0,0,0,2.53205335253679,0.0537374396065498,0,-0.0102320311882417,0,NA,NA,0,0,0,1.2624115478064,0.0126925347543255,0,0.029469532145417,0,548.634370468544,549.967703801878,118.852083065252,1.55452632521776e-26,3.34630943244592e-27
"217",217,"additive","0:0:0:1","weibull",0,0,0,1,0,2,0,0,0,0,0,0,0,0,0,0,FALSE,271.80188090809,6.65492650557814e-07,0.0445332460037465,0,0,0,2.65705955522301,0,-2.0866376478155,0,0,NA,NA,0,0,0,NA,0,NA,0,0,551.603761816179,552.47332703357,121.357706296945,4.44128772419846e-27,9.56041899233173e-28
"237",237,"noILVs","0:0:0:1","weibull",0,0,0,1,0,0,0,0,0,0,0,0,0,0,0,0,FALSE,275.728421912514,7.8981897747303e-08,0.0471205084159003,0,0,0,2.78872171728199,0,0,0,0,NA,NA,0,0,0,NA,0,0,0,0,557.456843825028,557.967482122901,126.851861386275,2.84752988283667e-28,6.12965888806877e-29
"216",216,"socialEffectsOnly","0:0:0:1","weibull",0,0,0,1,0,0,2,0,0,0,0,0,0,0,0,0,FALSE,274.679522733085,0.000209814412430086,0.0569485122839723,0,0,0,2.47219613775691,0,0,0.0204225402455983,0,NA,NA,0,0,0,1.20594866864642,0,0,0.0132062787743146,0,557.359045466169,558.22861068356,127.112989946935,2.49899244931525e-28,5.37938912265336e-29
"165",165,"unconstrained","0:0:0:1","weibull",0,0,0,1,0,2,3,0,0,0,0,0,0,0,0,0,FALSE,273.685084975058,29.3855477836388,0.158517287491118,0,0,0,0.753661344875938,0,-0.732139161620906,0.0340675419981599,0,NA,NA,0,0,0,0.3870686134182,0,0.553978952979548,0.0171689080682227,0,557.370169950115,558.703503283449,127.587882546823,1.97080350553192e-28,4.24239734835955e-29
"242",242,"asocial","0:0:0:0","weibull",0,0,0,0,0,1,2,3,0,0,0,0,0,0,0,0,TRUE,277.598969028012,425.277812373918,0.368434431232852,0,0,0,0,0,-2.73619936519245,NA,NA,348.145606488464,0.355485635409576,0,0,0,0,0,0.827667660961526,NA,NA,561.197938056024,561.708576353896,130.592955617271,4.38631684817247e-29,9.44208740928194e-30
"247",247,"asocial","0:0:0:0","weibull",0,0,0,0,0,1,0,2,0,0,0,0,0,0,0,0,TRUE,277.598969028012,425.277812373918,0.368434431232852,0,0,0,0,0,-2.73619936519245,0,NA,348.145606488464,0.355485635409576,0,0,0,0,0,0.827667660961526,0,NA,561.197938056024,561.708576353896,130.592955617271,4.38631684817247e-29,9.44208740928194e-30
"248",248,"asocial","0:0:0:0","weibull",0,0,0,0,0,1,2,0,0,0,0,0,0,0,0,0,TRUE,277.598969028012,425.277812373918,0.368434431232852,0,0,0,0,0,-2.73619936519245,NA,0,348.145606488464,0.355485635409576,0,0,0,0,0,0.827667660961526,NA,0,561.197938056024,561.708576353896,130.592955617271,4.38631684817247e-29,9.44208740928194e-30
"254",254,"asocial","0:0:0:0","weibull",0,0,0,0,0,1,0,0,0,0,0,0,0,0,0,0,TRUE,277.598969028012,425.277812373918,0.368434431232852,0,0,0,0,0,-2.73619936519245,0,0,348.145606488464,0.355485635409576,0,0,0,0,0,0.827667660961526,0,0,561.197938056024,561.708576353896,130.592955617271,4.38631684817247e-29,9.44208740928194e-30
"163",163,"socialEffectsOnly","0:0:0:1","weibull",0,0,0,1,0,0,2,3,0,0,0,0,0,0,0,0,FALSE,275.865395801647,29.4090060145821,0.162830995213257,0,0,0,0.74388501676089,0,0,0.0380894287545166,-0.23306222230596,NA,NA,0,0,0,0.342687364546292,0,0,0.0180629622617438,1.55386576933709,561.730791603293,563.064124936626,131.948504200001,2.22713408848097e-29,4.79418050804749e-30
"243",243,"asocial","0:0:0:0","weibull",0,0,0,0,1,0,2,3,0,0,0,0,0,0,0,0,TRUE,278.752332564614,98.9499416897241,0.260192407857512,0,0,0,0,0.0436185767412867,0,NA,NA,327.292564067285,0.335812612276847,0,0,0,0,0.00889840927930044,0,NA,NA,563.504665129227,564.0153034271,132.899682690474,1.38420553150212e-29,2.97967294047626e-30
"249",249,"asocial","0:0:0:0","weibull",0,0,0,0,1,0,0,2,0,0,0,0,0,0,0,0,TRUE,278.752332564614,98.9499416897241,0.260192407857512,0,0,0,0,0.0436185767412867,0,0,NA,327.292564067285,0.335812612276847,0,0,0,0,0.00889840927930044,0,0,NA,563.504665129227,564.0153034271,132.899682690474,1.38420553150212e-29,2.97967294047626e-30
"250",250,"asocial","0:0:0:0","weibull",0,0,0,0,1,0,2,0,0,0,0,0,0,0,0,0,TRUE,278.752332564614,98.9499416897241,0.260192407857512,0,0,0,0,0.0436185767412867,0,NA,0,327.292564067285,0.335812612276847,0,0,0,0,0.00889840927930044,0,NA,0,563.504665129227,564.0153034271,132.899682690474,1.38420553150212e-29,2.97967294047626e-30
"255",255,"asocial","0:0:0:0","weibull",0,0,0,0,1,0,0,0,0,0,0,0,0,0,0,0,TRUE,278.752332564614,98.9499416897241,0.260192407857512,0,0,0,0,0.0436185767412867,0,0,0,327.292564067285,0.335812612276847,0,0,0,0,0.00889840927930044,0,0,0,563.504665129227,564.0153034271,132.899682690474,1.38420553150212e-29,2.97967294047626e-30
"246",246,"asocial","0:0:0:0","weibull",0,0,0,0,0,0,1,2,0,0,0,0,0,0,0,0,TRUE,289.130209902733,97.5139244950199,0.464275717507015,0,0,0,0,0,0,NA,NA,69.5084515764898,0.337589864703471,0,0,0,0,0,0,NA,NA,582.260419805467,582.510419805467,151.394799068842,1.33363531676714e-33,2.87081432301619e-34
"252",252,"asocial","0:0:0:0","weibull",0,0,0,0,0,0,0,1,0,0,0,0,0,0,0,0,TRUE,289.130209902733,97.5139244950199,0.464275717507015,0,0,0,0,0,0,0,NA,69.5084515764898,0.337589864703471,0,0,0,0,0,0,0,NA,582.260419805467,582.510419805467,151.394799068842,1.33363531676714e-33,2.87081432301619e-34
"253",253,"asocial","0:0:0:0","weibull",0,0,0,0,0,0,1,0,0,0,0,0,0,0,0,0,TRUE,289.130209902733,97.5139244950199,0.464275717507015,0,0,0,0,0,0,NA,0,69.5084515764898,0.337589864703471,0,0,0,0,0,0,NA,0,582.260419805467,582.510419805467,151.394799068842,1.33363531676714e-33,2.87081432301619e-34
"256",256,"asocial","0:0:0:0","weibull",0,0,0,0,0,0,0,0,0,0,0,0,0,0,0,0,TRUE,289.130209902733,97.5139244950199,0.464275717507015,0,0,0,0,0,0,0,0,69.5084515764898,0.337589864703471,0,0,0,0,0,0,0,0,582.260419805467,582.510419805467,151.394799068842,1.33363531676714e-33,2.87081432301619e-34
